,sex,age,Medu,Fedu,traveltime,studytime,freetime,goout,G1,G2,G3,letter_grade
0,0.0,18.0,4,4.0,2.0,2.0,3.0,4.0,4.0,11.0,11.0,B
1,0.0,17.0,1,1.0,1.0,2.0,3.0,3.0,9.0,11.0,11.0,B
2,0.0,15.0,1,1.0,1.0,2.0,3.0,2.0,12.0,13.0,12.0,B
3,0.0,15.0,4,2.0,1.0,3.0,2.0,2.0,14.0,14.0,14.0,B
4,0.0,16.0,3,3.0,1.0,2.0,3.0,2.0,11.0,13.0,13.0,B
5,1.0,16.0,4,3.0,1.0,2.0,4.0,2.0,12.0,12.0,13.0,B
6,1.0,16.0,2,2.0,1.0,2.0,4.0,4.0,13.0,12.0,13.0,B
7,0.0,17.0,4,4.0,2.0,2.0,1.5,4.0,10.0,13.0,13.0,B
8,1.0,15.0,3,2.0,1.0,2.0,2.0,2.0,15.0,16.0,17.0,A
9,1.0,15.0,3,4.0,1.0,2.0,5.0,1.0,12.0,12.0,13.0,B
10,0.0,15.0,4,4.0,1.0,2.0,3.0,3.0,14.0,14.0,14.0,B
11,0.0,15.0,2,1.0,3.0,3.0,2.0,2.0,10.0,12.0,13.0,B
12,1.0,15.0,4,4.0,1.0,1.0,3.0,3.0,12.0,13.0,12.0,B
13,1.0,15.0,4,3.0,2.0,2.0,4.0,3.0,12.0,12.0,13.0,B
14,1.0,15.0,2,2.0,1.0,3.0,5.0,2.0,14.0,14.0,15.0,B
15,0.0,16.0,4,4.0,1.0,1.0,4.0,4.0,17.0,17.0,17.0,A
16,0.0,16.0,4,4.0,1.0,3.0,2.0,3.0,13.0,13.0,14.0,B
17,0.0,16.0,3,3.0,3.0,2.0,3.0,2.0,13.0,14.0,14.0,B
18,1.0,17.0,3,2.0,1.0,1.0,5.0,5.0,8.0,8.0,7.0,C
19,1.0,16.0,4,3.0,1.0,1.0,1.5,3.0,12.0,12.0,12.0,B
20,1.0,15.0,4,3.0,1.0,2.0,4.0,1.0,12.0,13.0,14.0,B
21,1.0,15.0,4,4.0,1.0,1.0,4.0,2.0,11.0,12.0,12.0,B
22,1.0,16.0,4,2.0,1.0,2.0,5.0,1.0,12.0,13.0,14.0,B
23,1.0,16.0,2,2.0,2.0,2.0,4.0,4.0,10.0,10.0,10.0,C
24,0.0,15.0,2,4.0,1.0,3.0,3.0,2.0,10.0,11.0,10.0,C
25,0.0,16.0,2,2.0,1.0,1.0,2.0,2.0,10.0,11.0,12.0,B
26,1.0,15.0,2,2.0,1.0,1.0,2.0,2.0,11.0,12.0,12.0,B
27,1.0,15.0,4,2.0,1.0,1.0,2.0,4.0,11.0,11.0,11.0,B
28,1.0,16.0,3,4.0,1.0,2.0,3.0,3.0,12.0,12.0,13.0,B
29,1.0,16.0,4,4.0,1.0,2.0,4.0,5.0,12.0,11.0,12.0,B
30,1.0,15.0,4,4.0,1.0,2.0,4.0,2.0,10.0,11.0,11.0,B
31,1.0,15.0,4,4.0,2.0,2.0,3.0,1.0,15.0,15.0,15.0,B
32,1.0,15.0,4,3.0,1.0,2.0,5.0,2.0,13.0,14.0,15.0,B
33,1.0,15.0,3,3.0,1.0,2.0,3.0,2.0,13.0,12.0,12.0,B
34,1.0,16.0,3,2.0,1.0,1.0,4.0,3.0,12.0,12.0,12.0,B
35,0.0,15.0,2,3.0,2.0,1.0,5.0,1.0,11.0,11.0,11.0,B
36,1.0,15.0,4,3.0,1.0,3.0,4.0,3.0,14.0,14.0,14.0,B
37,1.0,16.0,4,4.0,2.0,3.0,4.0,3.0,13.0,13.0,13.0,B
38,0.0,15.0,3,4.0,1.0,3.0,3.0,2.0,11.0,12.0,12.0,B
39,0.0,15.0,2,2.0,1.0,1.0,3.0,1.0,14.0,13.0,12.0,B
40,0.0,16.0,2,2.0,2.0,2.0,3.0,3.0,11.0,11.0,10.0,C
41,1.0,15.0,4,4.0,1.0,1.0,4.0,3.0,10.0,11.0,11.0,B
42,1.0,15.0,4,4.0,1.0,2.0,3.0,3.0,14.0,15.0,15.0,B
43,1.0,15.0,2,2.0,1.0,1.0,4.0,1.0,9.0,10.0,10.0,C
44,0.0,16.0,2,2.0,2.0,2.0,3.0,3.0,10.0,11.0,11.0,B
45,0.0,15.0,4,3.0,1.0,2.0,2.0,2.0,10.0,11.0,11.0,B
46,0.0,16.0,3,3.0,1.0,2.0,3.0,5.0,13.0,12.0,13.0,B
47,1.0,16.0,4,3.0,1.0,3.5,2.0,2.0,17.0,17.0,17.0,A
48,1.0,15.0,4,2.0,1.0,2.0,3.0,3.0,11.0,12.0,13.0,B
49,0.0,15.0,4,4.0,1.0,2.0,4.0,4.0,13.0,12.0,12.0,B
50,0.0,16.0,2,2.0,3.0,2.0,3.0,3.0,14.0,13.0,13.0,B
51,0.0,15.0,4,2.0,1.0,2.0,3.0,3.0,16.0,14.0,16.0,A
52,1.0,15.0,4,2.0,2.0,1.0,5.0,5.0,10.0,9.0,9.0,C
53,0.0,15.0,4,4.0,1.0,1.0,3.0,4.0,13.0,12.0,12.0,B
54,0.0,15.0,3,3.0,1.0,1.0,3.0,4.0,13.0,12.0,13.0,B
55,0.0,16.0,2,1.0,1.0,2.0,3.0,4.0,12.0,13.0,12.0,B
56,0.0,15.0,4,3.0,1.0,2.0,3.0,2.0,15.0,14.0,15.0,B
57,1.0,15.0,4,4.0,1.0,2.0,2.0,2.0,15.0,15.0,16.0,A
58,1.0,15.0,1,2.0,1.0,2.0,3.0,2.0,14.0,13.0,14.0,B
59,0.0,16.0,4,2.0,1.0,2.0,2.0,3.0,16.0,15.0,16.0,A
60,0.0,16.0,4,4.0,1.0,2.0,4.0,4.0,17.0,16.0,16.0,A
61,0.0,16.0,1,1.0,3.5,1.0,5.0,5.0,10.0,10.0,16.0,A
62,0.0,16.0,1,2.0,1.0,2.0,4.0,3.0,13.0,13.0,10.0,C
63,0.0,16.0,4,3.0,1.0,3.0,4.0,4.0,14.0,13.0,13.0,B
64,0.0,15.0,4,3.0,1.0,2.0,4.0,4.0,13.0,12.0,12.0,B
65,0.0,16.0,4,3.0,3.0,2.0,4.0,3.0,16.0,15.0,16.0,A
66,1.0,15.0,4,4.0,1.0,3.5,3.0,3.0,11.0,12.0,12.0,B
67,0.0,16.0,3,1.0,1.0,3.5,3.0,3.0,10.0,9.0,10.0,C
68,0.0,15.0,2,2.0,2.0,2.0,1.5,3.0,11.0,10.0,11.0,B
69,0.0,15.0,3,1.0,2.0,3.5,4.0,2.0,15.0,15.0,15.0,B
70,1.0,16.0,3,1.0,2.0,3.5,3.0,2.0,13.0,11.0,11.0,B
71,1.0,15.0,4,2.0,1.0,3.5,3.0,3.0,11.0,9.0,10.0,C
72,0.0,15.0,1,1.0,1.0,2.0,3.0,4.0,13.0,11.0,11.0,B
73,1.0,16.0,3,1.0,1.0,1.0,3.0,2.0,13.0,13.0,14.0,B
74,0.0,16.0,3,3.0,1.0,2.0,3.0,3.0,11.0,11.0,11.0,B
75,1.0,15.0,4,3.0,1.0,2.0,3.0,3.0,11.0,11.0,11.0,B
76,1.0,15.0,4,0.0,2.0,3.5,4.0,3.0,12.0,11.0,11.0,B
77,0.0,16.0,2,2.0,1.0,3.5,2.0,3.0,13.0,13.0,13.0,B
78,1.0,17.0,2,1.0,2.0,1.0,5.0,1.0,9.0,9.0,10.0,C
79,0.0,16.0,3,4.0,1.0,2.0,4.0,3.0,12.0,11.0,11.0,B
80,1.0,15.0,2,3.0,1.0,1.0,2.0,2.0,11.0,11.0,12.0,B
81,1.0,15.0,2,3.0,1.0,3.0,3.0,2.0,10.0,9.0,9.0,C
82,0.0,15.0,3,2.0,1.0,2.0,4.0,4.0,12.0,11.0,11.0,B
83,1.0,15.0,2,2.0,2.0,2.0,3.0,3.0,13.0,12.0,13.0,B
84,0.0,15.0,1,1.0,1.0,2.0,3.0,2.0,13.0,12.0,12.0,B
85,0.0,15.0,4,4.0,2.0,2.0,4.0,4.0,12.0,11.0,12.0,B
86,0.0,16.0,2,2.0,1.0,2.0,3.0,4.0,13.0,11.0,11.0,B
87,0.0,15.0,4,2.0,1.0,3.0,3.0,3.0,15.0,15.0,15.0,B
88,1.0,16.0,2,2.0,2.0,2.0,4.0,2.0,12.0,10.0,11.0,B
89,1.0,16.0,4,4.0,1.0,2.0,1.5,3.0,9.0,9.0,10.0,C
90,0.0,16.0,3,3.0,1.0,3.0,3.0,3.0,9.0,11.0,11.0,B
91,0.0,15.0,4,3.0,1.0,1.0,5.0,5.0,14.0,13.0,13.0,B
92,0.0,16.0,3,1.0,1.0,2.0,3.0,3.0,12.0,13.0,12.0,B
93,0.0,16.0,4,2.0,2.0,2.0,3.0,3.0,13.0,14.0,14.0,B
94,1.0,15.0,2,2.0,1.0,3.5,3.0,4.0,11.0,12.0,12.0,B
95,0.0,15.0,1,1.0,2.0,3.5,1.5,2.0,13.0,13.0,13.0,B
96,1.0,16.0,4,3.0,2.0,1.0,3.0,3.0,9.0,11.0,11.0,B
97,0.0,16.0,2,1.0,1.0,2.0,3.0,5.0,13.0,12.0,12.0,B
98,0.0,16.0,4,4.0,1.0,1.0,3.0,4.0,12.0,13.0,13.0,B
99,0.0,16.0,4,3.0,1.0,3.0,3.0,5.0,12.0,13.0,13.0,B
100,1.0,16.0,4,4.0,1.0,1.0,5.0,5.0,9.0,9.0,8.0,C
101,1.0,16.0,4,4.0,1.0,3.0,4.0,3.0,16.0,16.0,16.0,A
102,1.0,15.0,4,4.0,1.0,1.0,3.0,3.0,12.0,13.0,12.0,B
103,0.0,15.0,3,2.0,2.0,2.0,3.0,5.0,11.0,10.0,10.0,C
104,1.0,15.0,3,4.0,1.0,2.0,4.0,4.0,16.0,16.0,16.0,A
105,0.0,15.0,3,3.0,1.0,3.5,3.0,3.0,10.0,10.0,10.0,C
106,0.0,15.0,2,2.0,1.0,3.5,1.5,2.0,10.0,10.0,10.0,C
107,1.0,16.0,3,3.0,1.0,3.0,3.0,3.0,13.0,14.0,14.0,B
108,1.0,15.0,4,4.0,3.5,3.5,3.0,5.0,12.0,10.0,11.0,B
109,0.0,16.0,4,4.0,1.0,3.0,4.0,5.0,15.0,15.0,14.0,B
110,1.0,15.0,4,4.0,1.0,1.0,5.0,3.0,13.0,14.0,14.0,B
111,0.0,16.0,3,3.0,1.0,3.0,1.5,2.0,11.0,11.0,11.0,B
112,0.0,16.0,2,2.0,1.0,2.0,1.5,2.0,8.0,10.0,10.0,C
113,1.0,15.0,4,2.0,1.0,1.0,5.0,2.0,18.0,17.0,18.0,A
114,1.0,15.0,2,1.0,1.0,2.0,4.0,2.0,10.0,9.0,10.0,C
115,1.0,16.0,4,4.0,1.0,2.0,4.0,4.0,16.0,14.0,14.0,B
116,1.0,15.0,4,4.0,2.0,2.0,4.0,3.0,16.0,15.0,16.0,A
117,1.0,16.0,3,3.0,2.0,1.0,4.0,2.0,14.0,14.0,15.0,B
118,1.0,17.0,1,3.0,3.0,2.0,2.0,4.0,12.0,11.0,11.0,B
119,1.0,15.0,3,4.0,1.0,1.0,4.0,3.0,14.0,13.0,14.0,B
120,0.0,15.0,1,2.0,1.0,2.0,2.0,3.0,14.0,14.0,14.0,B
121,1.0,15.0,2,2.0,1.0,3.5,5.0,4.0,14.0,13.0,13.0,B
122,0.0,16.0,2,4.0,2.0,2.0,2.0,2.0,14.0,12.0,13.0,B
123,1.0,16.0,4,4.0,1.0,1.0,4.0,4.0,12.0,13.0,13.0,B
124,0.0,16.0,2,2.0,1.0,2.0,4.0,4.0,12.0,11.0,11.0,B
125,1.0,15.0,3,4.0,1.0,1.0,5.0,5.0,9.0,9.0,9.0,C
126,0.0,15.0,3,4.0,1.0,2.0,3.0,2.0,10.0,11.0,11.0,B
127,0.0,18.5,0,1.0,1.0,2.0,4.0,2.0,9.0,10.0,11.0,B
128,1.0,16.0,4,4.0,1.0,1.0,5.0,5.0,14.0,14.0,15.0,B
129,1.0,16.0,2,3.0,2.0,3.0,2.0,3.0,13.0,12.0,13.0,B
130,0.0,15.0,3,4.0,2.0,3.0,2.0,2.0,10.0,11.0,12.0,B
131,0.0,18.0,2,1.0,1.0,2.0,4.0,5.0,10.0,9.0,8.0,C
132,0.0,17.0,2,1.0,3.0,1.0,2.0,2.0,11.0,10.0,11.0,B
133,0.0,15.0,1,1.0,3.0,1.0,3.0,3.0,11.0,12.0,13.0,B
134,0.0,17.0,2,2.0,1.0,1.0,4.0,4.0,13.0,12.0,12.0,B
135,0.0,16.0,3,4.0,1.0,1.0,2.0,1.0,15.0,13.0,14.0,B
136,1.0,16.0,2,1.0,3.5,1.0,2.0,1.0,9.0,9.0,11.0,B
137,0.0,16.0,2,2.0,1.0,1.0,3.0,4.0,13.0,11.0,11.0,B
138,1.0,15.0,3,4.0,3.5,2.0,3.0,3.0,12.0,11.0,11.0,B
139,0.0,15.0,4,4.0,1.0,3.0,3.0,3.0,13.0,14.0,15.0,B
140,1.0,17.0,3,4.0,3.0,2.0,4.0,5.0,10.0,9.0,10.0,C
141,0.0,16.0,1,1.0,3.5,2.0,1.5,3.0,14.0,13.0,13.0,B
142,1.0,18.0,3,1.0,2.0,1.0,3.0,4.0,11.0,11.0,12.0,B
143,0.0,18.0,3,2.0,1.0,3.0,3.0,3.0,12.0,11.0,11.0,B
144,0.0,16.0,1,1.0,2.0,1.0,3.0,3.0,12.0,11.0,11.0,B
145,0.0,16.0,3,3.0,2.0,1.0,3.0,2.0,9.0,9.0,10.0,C
146,1.0,16.0,1,1.0,1.0,2.0,4.0,4.0,10.0,10.0,10.0,C
147,0.0,15.0,4,4.0,2.0,1.0,3.0,2.0,13.0,14.0,14.0,B
148,0.0,15.0,1,1.0,3.0,1.0,5.0,5.0,8.0,9.0,9.0,C
149,1.0,15.0,4,3.0,2.0,3.5,2.0,2.0,9.0,11.0,11.0,B
150,0.0,15.0,3,3.0,1.0,2.0,3.0,2.0,9.0,8.0,9.0,C
151,1.0,16.0,4,4.0,1.0,3.0,3.0,3.0,15.0,13.0,13.0,B
152,1.0,16.0,2,2.0,2.0,1.0,3.0,3.0,12.0,11.0,11.0,B
153,0.0,15.0,4,4.0,1.0,3.0,2.0,2.0,13.0,13.0,13.0,B
154,0.0,16.0,1,1.0,1.0,1.0,4.0,4.0,10.0,11.0,11.0,B
155,1.0,17.0,2,1.0,1.0,1.0,4.0,5.0,9.0,7.0,6.0,C
156,0.0,15.0,1,1.0,1.0,2.0,4.0,2.0,12.0,12.0,12.0,B
157,0.0,15.0,2,1.0,2.0,1.0,4.0,2.0,11.0,10.0,10.0,C
158,0.0,15.0,3,2.0,1.0,2.0,3.0,2.0,11.0,11.0,11.0,B
159,0.0,15.0,1,2.0,1.0,2.0,3.0,2.0,13.0,12.0,13.0,B
160,0.0,15.0,1,2.0,1.0,2.0,3.0,4.0,11.0,11.0,11.0,B
161,1.0,16.0,4,4.0,1.0,1.0,3.0,2.0,9.0,9.0,8.0,C
162,1.0,15.0,2,1.0,3.5,1.0,5.0,5.0,12.0,11.0,11.0,B
163,1.0,18.0,1,1.0,1.0,1.0,3.0,5.0,11.0,9.0,3.1000000000000005,D
164,1.0,16.0,2,1.0,1.0,1.0,4.0,4.0,9.0,10.0,10.0,C
165,0.0,15.0,3,3.0,2.0,3.0,2.0,1.0,13.0,13.0,13.0,B
166,1.0,18.5,3,2.0,1.0,1.0,5.0,4.0,11.0,9.0,11.0,B
167,0.0,17.0,4,4.0,1.0,1.0,2.0,1.0,13.0,13.0,13.0,B
168,1.0,15.0,2,3.0,1.0,2.0,4.0,4.0,7.0,8.0,8.0,C
169,1.0,17.0,1,2.0,1.0,1.0,2.0,2.0,9.0,8.0,10.0,C
170,0.0,18.0,1,1.0,3.0,1.0,2.0,5.0,11.0,10.0,11.0,B
171,1.0,16.0,2,2.0,3.0,1.0,2.0,2.0,12.0,10.0,11.0,B
172,1.0,16.0,3,3.0,1.0,2.0,5.0,5.0,10.0,10.0,3.1000000000000005,D
173,1.0,16.0,1,2.0,2.0,1.0,4.0,5.0,9.0,8.0,10.0,C
174,1.0,17.0,2,1.0,2.0,1.0,3.0,2.0,8.0,8.0,9.0,C
175,1.0,17.0,3,2.0,2.0,2.0,4.0,4.0,7.0,6.0,8.0,C
176,1.0,15.0,1,2.0,2.0,1.0,4.0,4.0,8.0,9.0,10.0,C
177,1.0,16.0,1,3.0,1.0,1.0,3.0,3.0,9.0,8.0,8.0,C
178,1.0,17.0,1,1.0,3.5,2.0,3.0,5.0,8.0,8.0,8.0,C
179,1.0,17.0,3,2.0,2.0,1.0,5.0,2.0,8.0,7.0,8.0,C
180,1.0,16.0,2,2.0,1.0,2.0,3.0,5.0,9.0,10.0,11.0,B
181,0.0,16.0,4,2.0,1.0,2.0,2.0,3.0,17.0,17.0,18.0,A
182,0.0,16.0,2,2.0,1.0,2.0,1.5,5.0,12.0,12.0,13.0,B
183,0.0,16.0,4,4.0,1.0,2.0,4.0,2.0,16.0,16.0,17.0,A
184,1.0,16.0,3,4.0,3.0,1.0,4.0,5.0,9.0,9.0,10.0,C
185,1.0,16.0,1,0.0,2.0,2.0,3.0,2.0,16.0,17.0,18.0,A
186,1.0,17.0,4,4.0,1.0,2.0,4.0,4.0,11.0,9.0,10.0,C
187,0.0,16.0,1,3.0,1.0,2.0,3.0,5.0,14.0,13.0,13.0,B
188,0.0,16.0,3,3.0,2.0,2.0,4.0,5.0,14.0,14.0,15.0,B
189,1.0,17.0,4,3.0,2.0,2.0,4.0,4.0,10.0,11.0,11.0,B
190,0.0,16.0,2,2.0,2.0,2.0,4.0,4.0,13.0,12.0,14.0,B
191,1.0,17.0,3,3.0,1.0,2.0,3.0,4.0,11.0,9.0,10.0,C
192,1.0,16.0,4,2.0,1.0,1.0,3.0,3.0,10.0,9.0,11.0,B
193,1.0,17.0,4,3.0,1.0,2.0,2.0,3.0,11.0,11.0,13.0,B
194,1.0,16.0,4,3.0,1.0,2.0,4.0,3.0,11.0,10.0,11.0,B
195,1.0,16.0,3,3.0,1.0,2.0,2.0,3.0,11.0,12.0,13.0,B
196,0.0,17.0,2,4.0,1.0,2.0,4.0,2.0,17.0,18.0,17.0,A
197,0.0,17.0,3,3.0,1.0,2.0,3.0,3.0,14.0,13.0,14.0,B
198,0.0,16.0,3,2.0,1.0,2.0,2.0,2.0,14.0,15.0,16.0,A
199,1.0,17.0,3,3.0,1.0,2.0,3.0,4.0,11.0,13.0,14.0,B
200,1.0,16.0,1,2.0,1.0,1.0,3.0,3.0,10.0,9.0,11.0,B
201,1.0,16.0,2,1.0,1.0,2.0,2.0,3.0,13.0,14.0,16.0,A
202,0.0,17.0,3,3.0,1.0,2.0,3.0,3.0,12.0,13.0,14.0,B
203,1.0,17.0,1,2.0,1.0,2.0,1.5,3.0,9.0,9.0,10.0,C
204,0.0,16.0,2,3.0,1.0,2.0,3.0,3.0,12.0,12.0,13.0,B
205,0.0,17.0,1,1.0,1.0,2.0,3.0,3.0,12.0,11.0,12.0,B
206,1.0,17.0,1,2.0,2.0,2.0,4.0,4.0,10.0,11.0,12.0,B
207,1.0,16.0,3,3.0,1.0,1.0,3.0,2.0,11.0,10.0,10.0,C
208,1.0,16.0,2,3.0,2.0,1.0,3.0,3.0,13.0,12.0,12.0,B
209,0.0,17.0,2,4.0,1.0,2.0,3.0,2.0,14.0,15.0,16.0,A
210,1.0,17.0,4,4.0,1.0,1.0,2.0,3.0,13.0,13.0,14.0,B
211,1.0,16.0,3,3.0,3.0,1.0,3.0,4.0,10.0,11.0,12.0,B
212,0.0,17.0,4,4.0,2.0,1.0,2.0,4.0,14.0,15.0,16.0,A
213,0.0,16.0,4,4.0,1.0,2.0,5.0,2.0,11.0,10.0,11.0,B
214,0.0,16.0,4,3.0,1.0,2.0,3.0,5.0,14.0,14.0,15.0,B
215,0.0,16.0,2,3.0,1.0,2.0,4.0,3.0,11.0,12.0,12.0,B
216,0.0,17.0,1,1.0,1.0,2.0,4.0,4.0,14.0,15.0,15.0,B
217,0.0,17.0,2,2.0,1.0,1.0,3.0,2.0,13.0,13.0,13.0,B
218,0.0,16.0,2,2.0,2.0,3.5,3.0,5.0,13.0,13.0,13.0,B
219,0.0,17.0,3,4.0,1.0,3.0,4.0,3.0,8.0,9.0,8.0,C
220,0.0,16.0,3,1.0,1.0,2.0,3.0,3.0,11.0,11.0,12.0,B
221,0.0,16.0,4,3.0,1.0,2.0,3.0,2.0,14.0,15.0,15.0,B
222,0.0,16.0,1,1.0,2.0,1.0,3.0,2.0,12.0,13.0,13.0,B
223,0.0,17.0,4,3.0,2.0,3.0,4.0,2.0,11.0,12.0,12.0,B
224,0.0,18.5,3,3.0,1.0,3.5,3.0,3.0,12.0,12.0,12.0,B
225,1.0,17.0,4,4.0,1.0,2.0,3.0,5.0,13.0,12.0,12.0,B
226,0.0,16.0,2,2.0,1.0,2.0,3.0,4.0,13.0,13.0,13.0,B
227,1.0,18.0,2,2.0,1.0,2.0,4.0,4.0,12.0,11.0,11.0,B
228,0.0,17.0,4,4.0,1.0,1.0,2.0,1.0,12.0,11.0,11.0,B
229,0.0,17.0,3,2.0,2.0,2.0,4.0,4.0,14.0,16.0,15.0,B
230,0.0,17.0,4,3.0,1.0,2.0,4.0,5.0,11.0,9.0,10.0,C
231,1.0,18.0,3,3.0,1.0,2.0,2.0,4.0,10.0,10.0,10.0,C
232,0.0,17.0,2,3.0,2.0,1.0,3.0,3.0,12.0,13.0,13.0,B
233,0.0,17.0,2,2.0,1.0,3.0,3.0,3.0,12.0,12.0,13.0,B
234,0.0,17.0,2,1.0,2.0,2.0,2.0,5.0,11.0,10.0,11.0,B
235,0.0,17.0,1,1.0,1.0,3.0,3.0,4.0,12.0,12.0,12.0,B
236,0.0,16.0,2,3.0,1.0,2.0,3.0,1.0,13.0,13.0,14.0,B
237,1.0,18.0,2,2.0,2.0,2.0,3.0,3.0,10.0,9.0,10.0,C
238,0.0,16.0,4,4.0,1.0,3.0,3.0,2.0,15.0,16.0,16.0,A
239,0.0,18.0,3,1.0,1.0,2.0,3.0,3.0,8.0,8.0,8.0,C
240,0.0,17.0,3,2.0,1.0,2.0,3.0,4.0,17.0,18.0,17.0,A
241,1.0,17.0,2,3.0,1.0,2.0,3.0,3.0,10.0,11.0,11.0,B
242,1.0,18.0,2,1.0,3.5,2.0,3.0,2.0,9.0,10.0,11.0,B
243,0.0,17.0,2,1.0,2.0,3.0,2.0,3.0,15.0,15.0,16.0,A
244,0.0,17.0,4,3.0,1.0,2.0,2.0,3.0,14.0,12.0,12.0,B
245,1.0,17.0,2,2.0,2.0,2.0,5.0,2.0,12.0,13.0,13.0,B
246,1.0,17.0,4,4.0,1.0,2.0,5.0,5.0,13.0,13.0,13.0,B
247,1.0,16.0,4,4.0,1.0,2.0,2.0,4.0,13.0,13.0,14.0,B
248,1.0,16.0,1,1.0,2.0,2.0,4.0,2.0,9.0,9.0,9.0,C
249,1.0,16.0,3,2.0,2.0,3.0,3.0,3.0,12.0,12.0,12.0,B
250,1.0,17.0,2,2.0,1.0,2.0,4.0,2.0,16.0,16.0,16.0,A
251,0.0,16.0,2,1.0,1.0,1.0,5.0,2.0,9.0,10.0,10.0,C
252,0.0,16.0,4,1.0,1.0,2.0,3.0,3.0,14.0,13.0,13.0,B
253,0.0,18.0,2,4.0,2.0,2.0,3.0,3.0,10.0,10.0,10.0,C
254,0.0,18.0,2,2.0,1.0,2.0,3.0,1.0,9.0,8.0,10.0,C
255,0.0,18.0,3,3.0,2.0,1.0,1.5,1.0,8.0,7.0,7.0,C
256,1.0,18.0,2,2.0,1.0,1.0,4.0,3.0,7.0,8.0,8.0,C
257,1.0,17.0,4,4.0,1.0,1.0,2.0,1.0,10.0,8.0,9.0,C
258,0.0,17.0,3,2.0,1.0,2.0,4.0,2.0,14.0,14.0,15.0,B
259,0.0,17.0,1,1.0,1.0,3.0,3.0,2.0,11.0,10.0,10.0,C
260,0.0,16.0,1,2.0,1.0,1.0,3.0,5.0,12.0,11.0,11.0,B
261,0.0,17.0,2,1.0,3.0,2.0,1.5,1.0,13.0,13.0,13.0,B
262,0.0,17.0,1,4.0,3.5,1.0,5.0,4.0,9.0,9.0,8.0,C
263,1.0,18.0,2,2.0,1.0,2.0,5.0,4.0,8.0,7.0,8.0,C
264,0.0,17.0,2,2.0,1.0,1.0,1.5,2.0,11.0,9.0,10.0,C
265,0.0,17.0,1,1.0,2.0,3.0,3.0,3.0,15.0,14.0,15.0,B
266,0.0,17.0,4,2.0,1.0,2.0,3.0,2.0,15.0,14.0,14.0,B
267,1.0,17.0,4,3.0,2.0,2.0,5.0,5.0,15.0,15.0,15.0,B
268,1.0,17.0,4,4.0,2.0,2.0,3.0,3.0,12.0,12.0,12.0,B
269,1.0,16.0,4,3.0,1.0,1.0,4.0,5.0,14.0,14.0,15.0,B
270,1.0,16.0,4,4.0,1.0,1.0,3.0,2.0,14.0,15.0,15.0,B
271,0.0,17.0,4,4.0,1.0,2.0,3.0,1.0,11.0,11.0,12.0,B
272,1.0,17.0,1,1.0,2.0,3.0,3.0,3.0,13.0,14.0,15.0,B
273,0.0,17.0,3,3.0,2.0,3.0,2.0,2.0,11.0,11.0,11.0,B
274,0.0,17.0,1,1.0,1.0,2.0,3.0,2.0,10.0,9.0,10.0,C
275,0.0,18.0,2,1.0,2.0,3.0,4.0,4.0,12.0,10.0,11.0,B
276,1.0,16.0,2,1.0,3.0,1.0,3.0,3.0,15.0,16.0,16.0,A
277,0.0,17.0,1,1.0,1.0,2.0,3.0,4.0,11.0,10.0,11.0,B
278,1.0,17.0,2,3.0,2.0,1.0,2.0,2.0,9.0,12.0,13.0,B
279,1.0,18.5,3,1.0,1.0,1.0,4.0,5.0,7.0,8.0,5.0,D
280,1.0,18.0,3,3.0,1.0,2.0,3.0,3.0,10.0,9.0,10.0,C
281,1.0,16.0,0,2.0,1.0,1.0,3.0,2.0,11.0,12.0,11.0,B
282,1.0,18.0,3,2.0,2.0,1.0,4.0,5.0,7.0,8.0,7.0,C
283,1.0,16.0,3,3.0,3.0,2.0,3.0,3.0,9.0,11.0,10.0,C
284,1.0,18.0,2,1.0,1.0,1.0,2.0,5.0,7.0,8.0,6.0,C
285,1.0,16.0,2,1.0,2.0,1.0,3.0,2.0,14.0,13.0,12.0,B
286,1.0,17.0,2,1.0,1.0,1.0,4.0,2.0,12.0,12.0,13.0,B
287,1.0,17.0,1,1.0,2.0,1.0,4.0,4.0,9.0,10.0,10.0,C
288,0.0,18.0,2,1.0,1.0,2.0,3.0,4.0,12.0,12.0,13.0,B
289,0.0,17.0,4,2.0,1.0,3.5,2.0,3.0,14.0,15.0,17.0,A
290,0.0,18.5,2,2.0,1.0,2.0,3.0,3.0,10.0,10.0,11.0,B
291,1.0,18.0,2,1.0,3.0,2.0,4.0,5.0,11.0,10.0,11.0,B
292,0.0,17.0,4,2.0,1.0,3.0,3.0,4.0,11.0,12.0,14.0,B
293,0.0,18.0,1,1.0,1.0,3.0,4.0,3.0,11.0,12.0,14.0,B
294,0.0,18.0,2,2.0,1.0,2.0,2.0,3.0,11.0,11.0,13.0,B
295,1.0,18.5,4,3.0,1.0,2.0,3.0,1.0,11.0,13.0,14.0,B
296,1.0,18.0,2,1.0,1.0,2.0,2.0,4.0,16.0,16.0,16.0,A
297,1.0,17.0,2,2.0,2.0,1.0,2.0,2.0,9.0,10.0,10.0,C
298,0.0,17.0,2,2.0,1.0,3.5,4.0,1.0,10.0,11.0,12.0,B
299,0.0,18.5,2,1.0,2.0,2.0,2.0,3.0,10.0,12.0,12.0,B
300,0.0,18.0,4,3.0,1.0,2.0,1.5,2.0,15.0,15.0,15.0,B
301,1.0,18.0,4,3.0,1.0,2.0,3.0,2.0,10.0,10.0,11.0,B
302,1.0,18.0,3,2.0,1.0,3.0,3.0,2.0,10.0,11.0,12.0,B
303,0.0,17.0,3,3.0,1.0,3.0,2.0,3.0,15.0,12.0,13.0,B
304,0.0,18.0,2,2.0,1.0,3.0,3.0,3.0,11.0,12.0,13.0,B
305,1.0,17.0,2,2.0,2.0,1.0,4.0,4.0,8.0,8.0,9.0,C
306,1.0,18.0,3,4.0,2.0,2.0,2.0,5.0,15.0,16.0,16.0,A
307,1.0,17.0,3,1.0,1.0,2.0,4.0,4.0,11.0,11.0,14.0,B
308,0.0,18.0,4,4.0,2.0,2.0,3.0,4.0,10.0,11.0,12.0,B
309,1.0,18.0,4,2.0,1.0,2.0,4.0,5.0,10.0,12.0,14.0,B
310,0.0,18.0,2,1.0,2.0,2.0,3.0,5.0,8.0,9.0,10.0,C
311,0.0,18.5,3,3.0,1.0,2.0,3.0,5.0,11.0,12.0,12.0,B
312,0.0,18.0,2,3.0,1.0,3.5,5.0,5.0,16.0,16.0,16.0,A
313,0.0,18.0,1,1.0,2.0,2.0,4.0,3.0,13.0,13.0,13.0,B
314,1.0,17.0,1,2.0,1.0,2.0,5.0,2.0,16.0,17.0,18.0,A
315,0.0,18.0,2,1.0,1.0,2.0,2.0,5.0,14.0,14.0,15.0,B
316,0.0,17.0,2,4.0,2.0,2.0,3.0,3.0,15.0,16.0,16.0,A
317,0.0,17.0,2,2.0,2.0,2.0,4.0,4.0,12.0,12.0,12.0,B
318,0.0,18.0,3,2.0,2.0,2.0,1.5,1.0,12.0,9.0,10.0,C
319,1.0,18.0,4,4.0,2.0,1.0,2.0,4.0,11.0,12.0,12.0,B
320,0.0,18.0,4,4.0,1.0,2.0,4.0,4.0,14.0,12.0,13.0,B
321,0.0,17.0,2,2.0,3.0,3.0,2.0,3.0,13.0,15.0,15.0,B
322,0.0,18.5,3,2.0,1.0,2.0,3.0,3.0,9.0,8.0,10.0,C
323,1.0,18.0,4,3.0,2.0,1.0,2.0,3.0,10.0,10.0,10.0,C
324,1.0,18.0,1,2.0,2.0,1.0,4.0,4.0,10.0,10.0,11.0,B
325,1.0,17.0,4,1.0,2.0,1.0,5.0,4.0,11.0,11.0,10.0,C
326,1.0,17.0,3,2.0,1.0,1.0,4.0,4.0,13.0,13.0,13.0,B
327,0.0,18.0,1,1.0,2.0,3.5,2.0,2.0,17.0,17.0,18.0,A
328,0.0,18.0,1,1.0,2.0,2.0,4.0,4.0,12.0,13.0,13.0,B
329,0.0,17.0,2,2.0,1.0,2.0,4.0,5.0,12.0,12.0,14.0,B
330,0.0,18.0,2,1.0,2.0,2.0,3.0,1.0,12.0,13.0,14.0,B
331,1.0,17.0,1,1.0,1.0,2.0,3.0,3.0,12.0,12.0,12.0,B
332,0.0,18.0,2,2.0,1.0,3.0,3.0,3.0,18.0,18.0,18.0,A
333,0.0,17.0,1,1.0,1.0,3.0,3.0,3.0,13.0,13.0,14.0,B
334,1.0,18.0,2,1.0,1.0,3.0,2.0,4.0,14.0,15.0,15.0,B
335,1.0,18.0,4,4.0,1.0,2.0,4.0,3.0,17.0,17.0,17.0,A
336,1.0,18.0,4,2.0,1.0,2.0,3.0,2.0,15.0,16.0,16.0,A
337,0.0,17.0,4,3.0,1.0,3.0,2.0,2.0,17.0,18.0,18.0,A
338,0.0,17.0,3,1.0,2.0,3.5,1.5,2.0,18.0,19.0,19.0,A
339,1.0,18.0,3,2.0,2.0,3.0,4.0,2.0,14.0,15.0,15.0,B
340,1.0,17.0,3,3.0,1.0,1.0,4.0,3.0,14.0,15.0,15.0,B
341,0.0,18.5,4,4.0,2.0,2.0,3.0,4.0,14.0,13.0,13.0,B
342,0.0,18.0,4,3.0,2.0,2.0,4.0,5.0,13.0,14.0,14.0,B
343,0.0,18.0,4,3.0,1.0,3.5,3.0,3.0,16.0,17.0,17.0,A
344,1.0,18.0,4,4.0,1.0,1.0,4.0,2.0,18.0,18.0,17.0,A
345,0.0,18.0,4,4.0,1.0,2.0,2.0,4.0,14.0,15.0,15.0,B
346,1.0,17.0,4,4.0,2.0,1.0,1.5,1.0,12.0,13.0,13.0,B
347,0.0,17.0,4,4.0,2.0,3.0,3.0,4.0,7.0,7.0,8.0,C
348,0.0,17.0,4,2.0,2.0,3.0,3.0,3.0,16.0,16.0,16.0,A
349,0.0,17.0,3,2.0,1.0,3.5,2.0,2.0,18.0,18.0,18.0,A
350,1.0,18.5,2,1.0,2.0,3.0,3.0,1.0,9.0,10.0,11.0,B
351,1.0,18.5,3,2.0,1.0,1.0,5.0,3.0,14.0,15.0,15.0,B
352,1.0,18.5,3,3.0,1.0,2.0,5.0,3.0,10.0,10.0,11.0,B
353,0.0,18.0,1,4.0,1.0,2.0,4.0,4.0,10.0,10.0,11.0,B
354,0.0,18.0,2,1.0,2.0,2.0,3.0,3.0,12.0,12.0,15.0,B
355,0.0,17.0,2,3.0,2.0,2.0,2.0,1.0,11.0,12.0,14.0,B
356,0.0,17.0,4,4.0,1.0,1.0,4.0,4.0,15.0,16.0,17.0,A
357,0.0,18.0,4,3.0,1.0,3.0,3.0,4.0,14.0,15.0,17.0,A
358,0.0,18.0,4,3.0,2.0,1.0,2.0,4.0,12.0,12.0,15.0,B
359,0.0,17.0,3,4.0,1.0,3.0,3.0,4.0,15.0,15.0,17.0,A
360,0.0,18.0,3,3.0,1.0,2.0,1.5,4.0,11.0,12.0,14.0,B
361,1.0,18.5,4,2.0,2.0,2.0,4.0,4.0,11.0,10.0,10.0,C
362,0.0,18.0,4,4.0,1.0,2.0,4.0,4.0,12.0,11.0,13.0,B
363,0.0,18.0,3,4.0,1.0,1.0,4.0,4.0,11.0,12.0,14.0,B
364,0.0,17.0,4,4.0,1.0,1.0,3.0,4.0,14.0,15.0,17.0,A
365,0.0,17.0,4,3.0,1.0,2.0,2.0,2.0,15.0,14.0,17.0,A
366,0.0,17.0,3,3.0,1.0,2.0,3.0,3.0,12.0,12.0,13.0,B
367,0.0,17.0,2,1.0,1.0,2.0,2.0,3.0,11.0,12.0,14.0,B
368,1.0,18.0,4,4.0,1.0,1.0,2.0,5.0,8.0,9.0,11.0,B
369,0.0,18.5,1,1.0,3.0,3.0,5.0,5.0,10.0,10.0,11.0,B
370,0.0,18.5,1,1.0,3.0,2.0,3.0,4.0,8.0,8.0,9.0,C
371,0.0,18.0,2,2.0,1.0,1.0,3.0,5.0,10.0,10.0,10.0,C
372,0.0,17.0,2,2.0,1.0,2.0,2.0,2.0,14.0,13.0,13.0,B
373,0.0,17.0,2,2.0,1.0,3.0,3.0,2.0,11.0,11.0,10.0,C
374,0.0,17.0,3,1.0,1.0,3.0,4.0,3.0,17.0,18.0,17.0,A
375,0.0,17.0,0,2.0,2.0,3.0,3.0,3.0,14.0,14.0,15.0,B
376,0.0,18.0,1,1.0,2.0,3.0,5.0,5.0,14.0,14.0,14.0,B
377,1.0,18.0,4,4.0,1.0,3.0,3.0,3.0,13.0,14.0,13.0,B
378,1.0,17.0,3,3.0,1.0,1.0,3.0,5.0,17.0,18.0,17.0,A
379,1.0,17.0,2,2.0,3.5,1.0,4.0,5.0,11.0,10.0,10.0,C
380,0.0,17.0,4,4.0,1.0,3.0,4.0,4.0,13.0,12.0,13.0,B
381,0.0,17.0,4,4.0,2.0,3.0,3.0,3.0,15.0,14.0,15.0,B
382,0.0,17.0,3,3.0,1.0,1.0,2.0,5.0,11.0,12.0,11.0,B
383,1.0,18.0,2,2.0,1.0,3.5,5.0,5.0,11.0,11.0,12.0,B
384,1.0,18.5,3,2.0,1.0,1.0,3.0,4.0,11.0,10.0,10.0,C
385,0.0,18.0,2,2.0,3.5,2.0,2.0,5.0,10.0,9.0,10.0,C
386,0.0,17.0,2,4.0,1.0,3.0,4.0,3.0,15.0,15.0,15.0,B
387,1.0,18.0,2,2.0,1.0,1.0,4.0,2.0,15.0,14.0,15.0,B
388,0.0,18.0,3,3.0,1.0,2.0,3.0,4.0,10.0,11.0,12.0,B
389,0.0,18.0,2,2.0,1.0,2.0,3.0,3.0,10.0,9.0,12.0,B
390,0.0,18.0,2,2.0,2.0,3.5,4.0,4.0,14.0,13.0,14.0,B
391,0.0,17.0,3,4.0,1.0,3.0,4.0,5.0,11.0,13.0,14.0,B
392,0.0,17.0,3,2.0,1.0,2.0,3.0,2.0,12.0,13.0,15.0,B
393,0.0,18.0,3,3.0,1.0,3.5,3.0,3.0,14.0,14.0,15.0,B
394,0.0,17.0,3,2.0,1.0,2.0,3.0,3.0,14.0,14.0,16.0,A
395,1.0,18.0,4,4.0,1.0,2.0,3.0,3.0,12.0,12.0,13.0,B
396,1.0,18.0,3,4.0,1.0,2.0,3.0,3.0,16.0,16.0,17.0,A
397,0.0,17.0,2,2.0,1.0,2.0,3.0,1.0,10.0,12.0,14.0,B
398,0.0,18.0,2,3.0,1.0,3.0,3.0,3.0,11.0,12.0,14.0,B
399,0.0,18.0,3,2.0,1.0,3.0,4.0,3.0,14.0,16.0,17.0,A
400,1.0,18.0,4,3.0,1.0,3.0,3.0,2.0,15.0,14.0,17.0,A
401,1.0,18.0,4,3.0,1.0,3.0,4.0,5.0,14.0,13.0,14.0,B
402,0.0,17.0,4,3.0,1.0,3.0,4.0,3.0,11.0,12.0,13.0,B
403,0.0,17.0,2,1.0,2.0,2.0,3.0,4.0,12.0,15.0,15.0,B
404,0.0,17.0,2,1.0,1.0,2.0,3.0,5.0,12.0,16.0,16.0,A
405,0.0,18.5,2,3.0,2.0,1.0,2.0,3.0,10.0,11.0,11.0,B
406,0.0,17.0,3,1.0,1.0,1.0,1.5,2.0,10.0,13.0,13.0,B
407,0.0,18.5,4,4.0,1.0,3.0,3.0,2.0,9.0,12.0,12.0,B
408,1.0,18.0,2,2.0,1.0,2.0,4.0,4.0,9.0,11.0,12.0,B
409,1.0,18.0,3,4.0,1.0,2.0,3.0,5.0,13.0,14.0,15.0,B
410,0.0,17.0,2,2.0,1.0,2.0,3.0,4.0,13.0,17.0,17.0,A
411,1.0,17.0,4,4.0,1.0,3.0,4.0,2.0,12.0,15.0,15.0,B
412,0.0,18.0,4,2.0,1.0,2.0,2.0,2.0,14.0,17.0,17.0,A
413,1.0,18.5,1,1.0,2.0,2.0,3.0,3.0,9.0,10.0,10.0,C
414,0.0,18.5,1,1.0,2.0,3.0,2.0,2.0,11.0,15.0,15.0,B
415,0.0,18.5,4,4.0,1.0,1.0,2.0,5.0,9.0,10.0,11.0,B
416,1.0,17.0,3,2.0,1.0,2.0,4.0,4.0,16.0,18.0,18.0,A
417,0.0,18.0,3,2.0,1.0,3.0,3.0,4.0,14.0,17.0,17.0,A
418,1.0,18.0,2,3.0,1.0,1.0,1.5,3.0,13.0,14.0,14.0,B
419,1.0,18.5,2,1.0,1.0,1.0,3.0,4.0,7.0,11.0,11.0,B
420,0.0,18.0,2,2.0,2.0,2.0,1.5,4.0,14.0,17.0,17.0,A
421,0.0,18.5,1,0.0,2.0,1.0,3.0,1.0,8.0,10.0,10.0,C
422,0.0,18.0,3,2.0,1.0,2.0,1.5,2.0,10.0,13.0,13.0,B
423,0.0,16.0,1,3.0,2.0,1.0,3.0,3.0,10.0,11.0,11.0,B
424,0.0,16.0,2,2.0,2.0,2.0,4.0,4.0,12.0,12.0,12.0,B
425,0.0,15.0,1,1.0,1.0,1.0,1.5,3.0,10.0,10.0,10.0,C
426,0.0,15.0,3,3.0,2.0,1.0,4.0,4.0,10.0,10.0,11.0,B
427,0.0,16.0,2,3.0,2.0,2.0,5.0,2.0,16.0,17.0,17.0,A
428,0.0,15.0,2,1.0,2.0,1.0,3.0,4.0,6.0,8.0,9.0,C
429,1.0,16.0,4,4.0,1.0,2.0,3.0,2.0,10.0,11.0,11.0,B
430,1.0,16.0,1,2.0,1.0,3.0,4.0,3.0,10.0,11.0,11.0,B
431,0.0,17.0,3,2.0,1.0,2.0,5.0,4.0,10.0,10.0,10.0,C
432,0.0,17.0,1,1.0,1.0,1.0,4.0,4.0,6.0,6.0,7.0,C
433,0.0,15.0,4,4.0,2.0,1.0,5.0,1.0,13.0,14.0,14.0,B
434,0.0,16.0,2,2.0,2.0,3.5,2.0,1.0,10.0,9.0,11.0,B
435,0.0,15.0,1,1.0,2.0,2.0,4.0,3.0,10.0,10.0,10.0,C
436,0.0,15.0,1,1.0,2.0,1.0,4.0,3.0,6.0,7.0,8.0,C
437,0.0,16.0,0,2.0,2.0,1.0,2.0,3.0,12.0,11.0,12.0,B
438,0.0,17.0,2,3.0,2.0,1.0,5.0,5.0,10.0,11.0,12.0,B
439,0.0,15.0,3,3.0,2.0,1.0,1.5,3.0,14.0,16.0,16.0,A
440,1.0,16.0,1,1.0,2.0,2.0,4.0,5.0,7.0,3.700000000000001,3.1000000000000005,D
441,1.0,17.0,1,1.0,1.0,2.0,4.0,3.0,8.0,9.0,9.0,C
442,1.0,15.0,4,1.0,1.0,2.0,3.0,4.0,12.0,13.0,14.0,B
443,1.0,15.0,4,1.0,1.0,2.0,3.0,4.0,7.0,9.0,8.0,C
444,1.0,16.0,3,4.0,3.0,2.0,4.0,5.0,9.0,10.0,11.0,B
445,1.0,15.0,1,1.0,3.5,2.0,4.0,5.0,7.0,9.0,9.0,C
446,1.0,15.0,3,3.0,1.0,2.0,3.0,3.0,11.0,11.0,11.0,B
447,1.0,17.0,2,1.0,3.0,1.0,5.0,5.0,8.0,10.0,9.0,C
448,0.0,16.0,4,4.0,2.0,3.0,2.0,2.0,16.0,16.0,17.0,A
449,0.0,15.0,1,2.0,2.0,1.0,1.5,2.0,11.0,13.0,13.0,B
450,0.0,16.0,2,3.0,3.0,2.0,5.0,4.0,15.0,15.0,15.0,B
451,1.0,16.0,1,2.0,2.0,2.0,3.0,3.0,10.0,11.0,11.0,B
452,0.0,16.0,2,2.0,3.0,2.0,4.0,5.0,9.0,10.0,11.0,B
453,0.0,16.0,1,2.0,1.0,3.0,3.0,2.0,10.0,8.0,8.0,C
454,0.0,16.0,1,2.0,1.0,3.0,3.0,2.0,9.0,8.0,8.0,C
455,0.0,15.0,2,1.0,1.0,2.0,4.0,2.0,9.0,10.0,9.0,C
456,0.0,16.0,1,1.0,1.0,2.0,4.0,3.0,13.0,14.0,15.0,B
457,1.0,17.0,1,2.0,1.0,1.0,5.0,5.0,10.0,11.0,11.0,B
458,0.0,16.0,1,1.0,3.5,3.5,3.0,2.0,13.0,10.0,13.0,B
459,0.0,16.0,1,1.0,3.5,3.0,4.0,3.0,10.0,9.0,10.0,C
460,0.0,15.0,1,1.0,2.0,2.0,3.0,3.0,11.0,10.0,11.0,B
461,0.0,16.0,1,1.0,2.0,1.0,2.0,2.0,13.0,12.0,14.0,B
462,0.0,15.0,1,1.0,3.0,2.0,2.0,1.0,13.0,14.0,14.0,B
463,0.0,15.0,2,2.0,1.0,3.0,4.0,3.0,14.0,11.0,12.0,B
464,1.0,16.0,1,1.0,2.0,1.0,4.0,4.0,11.0,11.0,11.0,B
465,0.0,18.0,1,2.0,1.0,2.0,4.0,4.0,9.0,8.0,8.0,C
466,1.0,15.0,3,1.0,2.0,1.0,2.0,3.0,10.0,9.0,11.0,B
467,0.0,16.0,2,2.0,3.0,2.0,3.0,4.0,14.0,13.0,14.0,B
468,1.0,15.0,2,2.0,3.0,1.0,3.0,3.0,13.0,12.0,13.0,B
469,1.0,16.0,4,4.0,1.0,2.0,3.0,1.0,13.0,12.0,13.0,B
470,0.0,15.0,3,3.0,1.0,2.0,5.0,4.0,13.0,12.0,12.0,B
471,0.0,16.0,2,2.0,2.0,2.0,4.0,4.0,12.0,11.0,12.0,B
472,0.0,16.0,2,2.0,3.0,1.0,3.0,2.0,14.0,14.0,16.0,A
473,1.0,16.0,2,1.0,2.0,1.0,4.0,3.0,10.0,8.0,10.0,C
474,1.0,15.0,1,3.0,3.0,1.0,2.0,4.0,10.0,11.0,11.0,B
475,0.0,15.0,2,2.0,2.0,3.0,3.0,2.0,12.0,13.0,14.0,B
476,0.0,16.0,2,1.0,1.0,1.0,4.0,3.0,10.0,8.0,8.0,C
477,1.0,15.0,3,3.0,2.0,1.0,3.0,3.0,12.0,10.0,11.0,B
478,0.0,16.0,1,1.0,2.0,2.0,4.0,3.0,7.0,7.0,8.0,C
479,0.0,17.0,2,2.0,1.0,1.0,5.0,3.0,9.0,9.0,10.0,C
480,0.0,18.5,2,3.0,1.0,1.0,4.0,4.0,9.0,9.0,10.0,C
481,0.0,17.0,2,1.0,3.0,1.0,5.0,3.0,9.0,10.0,11.0,B
482,0.0,15.0,1,1.0,2.0,1.0,2.0,1.0,9.0,10.0,9.0,C
483,0.0,16.0,2,2.0,3.0,2.0,4.0,5.0,9.0,10.0,11.0,B
484,0.0,16.0,2,2.0,1.0,1.0,3.0,4.0,7.0,7.0,8.0,C
485,0.0,17.0,2,2.0,2.0,2.0,3.0,5.0,11.0,10.0,11.0,B
486,0.0,16.0,2,2.0,1.0,1.0,4.0,3.0,9.0,10.0,10.0,C
487,0.0,18.0,3,2.0,2.0,3.0,3.0,2.0,7.0,9.0,10.0,C
488,0.0,18.5,1,1.0,1.0,3.0,3.0,1.0,7.0,9.0,9.0,C
489,1.0,18.0,1,1.0,2.0,1.0,4.0,3.0,8.0,9.0,10.0,C
490,0.0,18.0,1,1.0,2.0,1.0,2.0,3.0,9.0,11.0,10.0,C
491,0.0,18.5,1,1.0,2.0,2.0,1.5,4.0,7.0,8.0,9.0,C
492,0.0,16.0,2,2.0,1.0,2.0,3.0,2.0,8.0,10.0,10.0,C
493,0.0,17.0,0,1.0,2.0,1.0,4.0,4.0,9.0,9.0,10.0,C
494,0.0,16.0,1,2.0,1.0,2.0,4.0,5.0,8.0,9.0,9.0,C
495,0.0,16.0,3,3.0,1.0,1.0,5.0,4.0,14.0,13.0,13.0,B
496,0.0,16.0,1,1.0,1.0,1.0,4.0,4.0,14.0,14.0,14.0,B
497,1.0,17.0,3,3.0,2.0,3.5,4.0,5.0,10.0,11.0,10.0,C
498,0.0,16.0,2,1.0,1.0,2.0,3.0,3.0,14.0,13.0,14.0,B
499,0.0,16.0,2,2.0,1.0,1.0,2.0,5.0,17.0,16.0,16.0,A
500,1.0,17.0,1,2.0,1.0,1.0,3.0,5.0,6.0,7.0,7.0,C
501,1.0,16.0,4,3.0,1.0,1.0,2.0,5.0,14.0,12.0,13.0,B
502,1.0,17.0,2,2.0,3.0,3.5,3.0,5.0,10.0,8.0,9.0,C
503,0.0,16.0,1,1.0,1.0,3.5,2.0,1.0,14.0,14.0,14.0,B
504,0.0,18.5,2,2.0,1.0,3.0,4.0,5.0,12.0,13.0,13.0,B
505,0.0,17.0,1,1.0,2.0,1.0,4.0,5.0,11.0,11.0,11.0,B
506,0.0,18.5,3,3.0,2.0,2.0,3.0,4.0,11.0,9.0,10.0,C
507,0.0,17.0,1,1.0,1.0,3.0,3.0,3.0,11.0,11.0,10.0,C
508,1.0,17.0,2,2.0,3.0,1.0,4.0,5.0,10.0,9.0,9.0,C
509,0.0,16.0,1,1.0,3.0,2.0,3.0,2.0,16.0,17.0,18.0,A
510,0.0,17.0,2,2.0,2.0,2.0,3.0,2.0,15.0,17.0,17.0,A
511,0.0,17.0,1,0.0,2.0,2.0,4.0,5.0,11.0,9.0,10.0,C
512,0.0,18.0,1,1.0,1.0,2.0,3.0,2.0,7.0,7.0,7.0,C
513,0.0,16.0,3,1.0,1.0,1.0,1.5,3.0,8.0,6.0,8.0,C
514,0.0,16.0,3,2.0,1.0,1.0,1.5,3.0,7.0,6.0,7.0,C
515,0.0,18.0,1,1.0,2.0,2.0,3.0,5.0,9.0,8.0,10.0,C
516,0.0,16.0,4,4.0,1.0,2.0,3.0,3.0,14.0,16.0,16.0,A
517,0.0,16.0,1,2.0,2.0,1.0,4.0,5.0,14.0,14.0,15.0,B
518,0.0,18.0,2,4.0,1.0,2.0,3.0,2.0,8.0,5.0,8.0,C
519,1.0,16.0,2,1.0,2.0,2.0,2.0,1.0,8.0,7.0,3.1000000000000005,D
520,0.0,16.0,1,1.0,3.0,2.0,3.0,2.0,6.0,8.0,8.0,C
521,0.0,16.0,2,3.0,2.0,2.0,3.0,3.0,8.0,10.0,10.0,C
522,0.0,16.0,4,4.0,1.0,2.0,3.0,4.0,8.0,8.0,8.0,C
523,1.0,18.0,4,4.0,1.0,3.5,5.0,5.0,5.0,6.0,6.0,C
524,0.0,16.0,3,4.0,3.0,2.0,2.0,1.0,7.0,9.0,8.0,C
525,1.0,17.0,4,4.0,1.0,3.0,4.0,3.0,15.0,14.0,16.0,A
526,0.0,17.0,4,1.0,1.0,1.0,2.0,3.0,13.0,14.0,14.0,B
527,1.0,16.0,2,2.0,3.5,3.0,1.5,3.0,10.0,9.0,10.0,C
528,0.0,17.0,2,2.0,1.0,1.0,1.5,3.0,9.0,9.0,9.0,C
529,0.0,16.0,4,4.0,2.0,1.0,1.5,3.0,11.0,11.0,11.0,B
530,1.0,17.0,3,3.0,1.0,1.0,1.5,4.0,7.0,10.0,9.0,C
531,1.0,17.0,1,1.0,3.0,2.0,1.5,3.0,10.0,10.0,10.0,C
532,1.0,16.0,2,1.0,2.0,2.0,2.0,2.0,9.0,7.0,8.0,C
533,0.0,16.0,2,1.0,1.0,2.0,2.0,2.0,14.0,15.0,16.0,A
534,1.0,16.0,4,4.0,1.0,1.0,1.5,2.0,11.0,12.0,12.0,B
535,1.0,15.0,1,2.0,3.0,2.0,5.0,5.0,9.0,11.0,10.0,C
536,1.0,15.0,2,2.0,3.0,3.5,4.0,5.0,13.0,14.0,14.0,B
537,1.0,15.0,2,1.0,1.0,1.0,3.0,3.0,12.0,13.0,12.0,B
538,0.0,16.0,2,2.0,1.0,3.0,3.0,3.0,11.0,11.0,11.0,B
539,0.0,16.0,4,1.0,2.0,2.0,2.0,4.0,9.0,10.0,10.0,C
540,0.0,17.0,3,2.0,2.0,1.0,3.0,3.0,9.0,11.0,11.0,B
541,0.0,17.0,2,2.0,2.0,2.0,1.5,3.0,11.0,9.0,11.0,B
542,0.0,16.0,4,4.0,2.0,3.0,3.0,5.0,10.0,11.0,12.0,B
543,1.0,17.0,4,4.0,3.0,1.0,3.0,3.0,9.0,9.0,8.0,C
544,1.0,17.0,1,3.0,2.0,1.0,1.5,2.0,12.0,11.0,12.0,B
545,1.0,17.0,3,4.0,1.0,2.0,4.0,4.0,8.0,9.0,8.0,C
546,0.0,17.0,4,4.0,1.0,2.0,2.0,5.0,13.0,15.0,16.0,A
547,1.0,16.0,4,1.0,1.0,1.0,1.5,2.0,10.0,11.0,11.0,B
548,0.0,17.0,1,1.0,1.0,2.0,5.0,5.0,11.0,10.0,11.0,B
549,0.0,17.0,4,2.0,2.0,2.0,3.0,3.0,17.0,18.0,18.0,A
550,1.0,16.0,2,2.0,2.0,2.0,1.5,2.0,12.0,13.0,13.0,B
551,1.0,17.0,3,2.0,2.0,2.0,1.5,2.0,13.0,14.0,13.0,B
552,1.0,18.5,1,1.0,1.0,2.0,4.0,3.0,9.0,9.0,10.0,C
553,1.0,17.0,1,0.0,1.0,1.0,1.5,2.0,11.0,11.0,12.0,B
554,0.0,17.0,1,1.0,2.0,1.0,5.0,5.0,10.0,11.0,10.0,C
555,0.0,16.0,1,2.0,1.0,3.0,3.0,4.0,13.0,14.0,13.0,B
556,1.0,16.0,1,2.0,1.0,1.0,4.0,4.0,9.0,10.0,11.0,B
557,0.0,17.0,3,1.0,2.0,2.0,4.0,4.0,7.0,9.0,10.0,C
558,1.0,17.0,2,2.0,2.0,1.0,5.0,5.0,8.0,13.0,10.0,C
559,1.0,18.0,1,0.0,3.0,1.0,3.0,2.0,12.0,12.0,13.0,B
560,1.0,17.0,1,1.0,2.0,1.0,5.0,5.0,10.0,9.0,10.0,C
561,1.0,18.0,1,1.0,2.0,2.0,3.0,3.0,10.0,9.0,10.0,C
562,0.0,16.0,2,2.0,1.0,2.0,4.0,3.0,11.0,13.0,12.0,B
563,1.0,17.0,2,2.0,1.0,1.0,2.0,1.0,7.0,3.700000000000001,3.1000000000000005,D
564,1.0,16.0,3,2.0,2.0,1.0,5.0,5.0,11.0,9.0,10.0,C
565,1.0,16.0,1,1.0,2.0,1.0,5.0,5.0,10.0,10.0,9.0,C
566,1.0,18.0,1,1.0,2.0,1.0,3.0,3.0,9.0,7.0,9.0,C
567,1.0,18.0,3,2.0,1.0,1.0,3.0,1.0,4.0,3.700000000000001,3.1000000000000005,D
568,1.0,18.5,3,2.0,2.0,1.0,2.0,1.0,6.0,11.0,9.0,C
569,1.0,18.0,3,3.0,1.0,2.0,4.0,5.0,4.0,8.0,8.0,C
570,1.0,16.0,2,2.0,2.0,1.0,4.0,3.0,7.0,8.0,8.0,C
571,1.0,18.5,2,1.0,2.0,1.0,4.0,3.0,8.0,9.0,9.0,C
572,0.0,16.0,3,2.0,2.0,2.0,5.0,5.0,5.0,5.0,7.0,C
573,0.0,17.0,1,1.0,1.0,1.0,3.0,2.0,7.0,9.0,10.0,C
574,1.0,18.5,1,1.0,2.0,1.0,4.0,3.0,8.0,11.0,10.0,C
575,0.0,18.0,4,3.0,1.0,1.0,4.0,4.0,10.0,11.0,10.0,C
576,1.0,18.0,3,2.0,2.0,1.0,5.0,5.0,9.0,10.0,11.0,B
577,1.0,18.5,1,1.0,3.0,2.0,4.0,4.0,10.0,9.0,11.0,B
578,1.0,17.0,3,3.0,2.0,2.0,5.0,4.0,8.0,9.0,10.0,C
579,1.0,18.0,1,3.0,1.0,1.0,3.0,3.0,9.0,10.0,9.0,C
580,1.0,18.5,1,1.0,3.0,1.0,4.0,4.0,8.0,9.0,10.0,C
581,0.0,18.0,1,2.0,2.0,2.0,3.0,3.0,6.0,8.0,8.0,C
582,0.0,18.5,1,1.0,1.0,1.0,4.0,4.0,6.0,8.0,7.0,C
583,0.0,18.0,2,2.0,2.0,1.0,5.0,5.0,8.0,6.0,3.1000000000000005,D
584,0.0,17.0,0,0.0,2.0,1.0,4.0,3.0,10.0,11.0,11.0,B
585,0.0,17.0,3,1.0,2.0,3.0,2.0,3.0,8.0,7.0,8.0,C
586,0.0,17.0,4,2.0,1.0,2.0,5.0,5.0,8.0,8.0,3.1000000000000005,D
587,0.0,18.0,2,2.0,1.0,2.0,3.0,3.0,7.0,6.0,8.0,C
588,0.0,17.0,4,1.0,1.0,1.0,2.0,2.0,8.0,10.0,9.0,C
589,0.0,17.0,1,2.0,1.0,1.0,5.0,1.0,7.0,10.0,10.0,C
590,0.0,18.0,1,1.0,3.0,2.0,4.0,4.0,7.0,8.0,7.0,C
591,0.0,18.0,2,2.0,2.0,2.0,3.0,5.0,12.0,13.0,14.0,B
592,0.0,17.0,3,3.0,2.0,1.0,4.0,3.0,11.0,12.0,13.0,B
593,0.0,18.0,1,2.0,2.0,2.0,4.0,3.0,12.0,13.0,14.0,B
594,0.0,18.0,4,4.0,2.0,2.0,3.0,5.0,18.0,18.0,18.0,A
595,1.0,18.0,4,4.0,1.0,1.0,4.0,5.0,17.0,17.0,17.0,A
596,0.0,17.0,4,2.0,2.0,2.0,3.0,3.0,17.0,18.0,18.0,A
597,0.0,18.0,2,2.0,3.0,2.0,3.0,3.0,9.0,3.700000000000001,3.1000000000000005,D
598,1.0,18.0,1,2.0,2.0,1.0,1.5,4.0,10.0,11.0,11.0,B
599,1.0,18.0,4,4.0,3.0,1.0,5.0,5.0,12.0,13.0,14.0,B
600,1.0,17.0,1,1.0,3.0,1.0,2.0,3.0,12.0,13.0,14.0,B
601,0.0,18.0,2,2.0,2.0,2.0,3.0,1.0,8.0,8.0,10.0,C
602,0.0,18.0,2,2.0,2.0,3.0,4.0,5.0,11.0,12.0,13.0,B
603,0.0,18.0,4,2.0,1.0,2.0,3.0,1.0,5.0,3.700000000000001,3.1000000000000005,D
604,0.0,18.0,1,1.0,3.0,2.0,4.0,2.0,9.0,10.0,10.0,C
605,0.0,18.5,1,1.0,2.0,1.0,5.0,5.0,5.0,3.700000000000001,3.1000000000000005,D
606,0.0,17.0,4,2.0,2.0,3.5,2.0,3.0,18.0,18.0,18.0,A
607,0.0,17.0,2,1.0,2.0,2.0,3.0,3.0,11.0,11.0,12.0,B
608,0.0,18.0,1,1.0,1.0,2.0,2.0,3.0,8.0,10.0,11.0,B
609,0.0,18.0,1,2.0,2.0,2.0,1.5,1.0,11.0,11.0,12.0,B
610,0.0,18.5,1,1.0,2.0,2.0,5.0,4.0,8.0,3.700000000000001,3.1000000000000005,D
611,0.0,18.0,2,2.0,2.0,3.0,2.0,1.0,14.0,14.0,15.0,B
612,1.0,17.0,4,3.0,2.0,2.0,5.0,5.0,10.0,11.0,11.0,B
613,0.0,18.0,3,3.0,1.0,2.0,3.0,4.0,10.0,10.0,10.0,C
614,0.0,17.0,4,4.0,2.0,2.0,3.0,3.0,12.0,12.0,12.0,B
615,0.0,17.0,3,2.0,2.0,2.0,2.0,3.0,15.0,14.0,15.0,B
616,1.0,18.0,1,1.0,2.0,1.0,3.0,2.0,14.0,13.0,14.0,B
617,0.0,18.0,1,1.0,2.0,3.0,3.0,2.0,19.0,17.0,18.0,A
618,0.0,18.0,1,2.0,3.0,2.0,3.0,4.0,16.0,15.0,15.0,B
619,0.0,18.0,3,3.0,2.0,2.0,3.0,2.0,13.0,12.0,13.0,B
620,0.0,17.0,4,4.0,1.0,2.0,3.0,4.0,15.0,14.0,15.0,B
621,0.0,17.0,1,2.0,2.0,2.0,2.0,2.0,13.0,13.0,13.0,B
622,1.0,18.0,1,3.0,2.0,2.0,3.0,4.0,8.0,10.0,9.0,C
623,1.0,18.0,4,4.0,2.0,3.0,2.0,2.0,15.0,16.0,16.0,A
624,0.0,17.0,1,1.0,3.0,1.0,2.0,1.0,8.0,8.0,9.0,C
625,0.0,18.0,2,3.0,2.0,1.0,2.0,3.0,10.0,10.0,10.0,C
626,0.0,18.0,4,4.0,3.0,2.0,2.0,2.0,7.0,5.0,3.1000000000000005,D
627,1.0,18.0,1,2.0,3.0,1.0,3.0,3.0,9.0,10.0,10.0,C
628,0.0,17.0,2,2.0,1.0,3.0,4.0,3.0,10.0,11.0,12.0,B
629,0.0,17.0,1,2.0,1.0,1.0,5.0,5.0,7.0,8.0,9.0,C
630,0.0,18.0,4,4.0,2.0,3.0,4.0,4.0,15.0,17.0,17.0,A
631,0.0,18.0,1,1.0,3.5,3.0,3.0,2.0,10.0,11.0,12.0,B
632,0.0,18.5,1,1.0,2.0,2.0,3.0,3.0,7.0,8.0,9.0,C
633,0.0,18.0,4,4.0,1.0,2.0,4.0,3.0,13.0,14.0,14.0,B
634,0.0,18.0,3,3.0,1.0,2.0,1.5,3.0,16.0,16.0,16.0,A
635,0.0,17.0,3,1.0,1.0,2.0,5.0,4.0,8.0,9.0,9.0,C
636,1.0,18.0,4,4.0,1.0,2.0,2.0,4.0,17.0,18.0,19.0,A
637,1.0,18.0,2,1.0,2.0,1.0,4.0,3.0,7.0,7.0,3.1000000000000005,D
638,1.0,17.0,2,3.0,2.0,2.0,4.0,3.0,14.0,15.0,16.0,A
639,1.0,18.5,1,1.0,2.0,1.0,3.0,2.0,5.0,8.0,3.1000000000000005,D
640,1.0,18.0,4,2.0,2.0,1.0,4.0,3.0,7.0,7.0,3.1000000000000005,D
641,0.0,18.0,2,2.0,2.0,3.0,3.0,3.0,14.0,17.0,15.0,B
642,0.0,17.0,4,3.0,2.0,2.0,5.0,4.0,6.0,9.0,11.0,B
643,0.0,18.0,4,4.0,3.0,1.0,4.0,3.0,7.0,9.0,10.0,C
644,0.0,18.5,2,3.0,1.0,3.0,4.0,2.0,10.0,11.0,10.0,C
645,0.0,18.0,3,1.0,1.0,2.0,3.0,4.0,15.0,15.0,16.0,A
646,0.0,18.0,1,1.0,2.0,2.0,1.5,1.0,11.0,12.0,9.0,C
647,1.0,17.0,3,1.0,2.0,1.0,4.0,5.0,10.0,10.0,10.0,C
648,1.0,18.0,3,2.0,3.0,1.0,4.0,1.0,10.0,11.0,11.0,B
0,0.0,18.0,4,4.0,2.0,2.0,3.0,4.0,5.0,6.0,6.0,C
1,0.0,17.0,1,1.0,1.0,2.0,3.0,3.0,5.0,5.0,6.0,C
2,0.0,15.0,1,1.0,1.0,2.0,3.0,2.0,7.0,8.0,10.0,B
3,0.0,15.0,4,2.0,1.0,3.0,2.0,2.0,15.0,14.0,15.0,A
4,0.0,16.0,3,3.0,1.0,2.0,3.0,2.0,6.0,10.0,10.0,B
5,1.0,16.0,4,3.0,1.0,2.0,4.0,2.0,15.0,15.0,15.0,A
6,1.0,16.0,2,2.0,1.0,2.0,4.0,4.0,12.0,12.0,11.0,B
7,0.0,17.0,4,4.0,2.0,2.0,1.5,4.0,6.0,5.0,6.0,C
8,1.0,15.0,3,2.0,1.0,2.0,2.0,2.0,16.0,18.0,19.0,A
9,1.0,15.0,3,4.0,1.0,2.0,5.0,1.0,14.0,15.0,15.0,A
10,0.0,15.0,4,4.0,1.0,2.0,3.0,3.0,10.0,8.0,9.0,C
11,0.0,15.0,2,1.0,3.0,3.0,2.0,2.0,10.0,12.0,12.0,B
12,1.0,15.0,4,4.0,1.0,1.0,3.0,3.0,14.0,14.0,14.0,B
13,1.0,15.0,4,3.0,2.0,2.0,4.0,3.0,10.0,10.0,11.0,B
14,1.0,15.0,2,2.0,1.0,3.0,5.0,2.0,14.0,16.0,16.0,A
15,0.0,16.0,4,4.0,1.0,1.0,4.0,4.0,14.0,14.0,14.0,B
16,0.0,16.0,4,4.0,1.0,3.0,2.0,3.0,13.0,14.0,14.0,B
17,0.0,16.0,3,3.0,3.0,2.0,3.0,2.0,8.0,10.0,10.0,B
18,1.0,17.0,3,2.0,1.0,1.0,5.0,5.0,6.0,5.0,5.0,C
19,1.0,16.0,4,3.0,1.0,1.0,1.5,3.0,8.0,10.0,10.0,B
20,1.0,15.0,4,3.0,1.0,2.0,4.0,1.0,13.0,14.0,15.0,A
21,1.0,15.0,4,4.0,1.0,1.0,4.0,2.0,12.0,15.0,15.0,A
22,1.0,16.0,4,2.0,1.0,2.0,5.0,1.0,15.0,15.0,16.0,A
23,1.0,16.0,2,2.0,2.0,2.0,4.0,4.0,13.0,13.0,12.0,B
24,0.0,15.0,2,4.0,1.0,3.0,3.0,2.0,10.0,9.0,8.0,C
25,0.0,16.0,2,2.0,1.0,1.0,2.0,2.0,6.0,9.0,8.0,C
26,1.0,15.0,2,2.0,1.0,1.0,2.0,2.0,12.0,12.0,11.0,B
27,1.0,15.0,4,2.0,1.0,1.0,2.0,4.0,15.0,16.0,15.0,A
28,1.0,16.0,3,4.0,1.0,2.0,3.0,3.0,11.0,11.0,11.0,B
29,1.0,16.0,4,4.0,1.0,2.0,4.0,5.0,10.0,12.0,11.0,B
30,1.0,15.0,4,4.0,1.0,2.0,4.0,2.0,9.0,11.0,12.0,B
31,1.0,15.0,4,4.0,2.0,2.0,3.0,1.0,17.0,16.0,17.0,A
32,1.0,15.0,4,3.0,1.0,2.0,5.0,2.0,17.0,16.0,16.0,A
33,1.0,15.0,3,3.0,1.0,2.0,3.0,2.0,8.0,10.0,12.0,B
34,1.0,16.0,3,2.0,1.0,1.0,4.0,3.0,12.0,14.0,15.0,A
35,0.0,15.0,2,3.0,2.0,1.0,5.0,1.0,8.0,7.0,6.0,C
36,1.0,15.0,4,3.0,1.0,3.0,4.0,3.0,15.0,16.0,18.0,A
37,1.0,16.0,4,4.0,2.0,3.0,4.0,3.0,15.0,16.0,15.0,A
38,0.0,15.0,3,4.0,1.0,3.0,3.0,2.0,12.0,12.0,11.0,B
39,0.0,15.0,2,2.0,1.0,1.0,3.0,1.0,14.0,13.0,13.0,B
40,0.0,16.0,2,2.0,2.0,2.0,3.0,3.0,7.0,10.0,11.0,B
41,1.0,15.0,4,4.0,1.0,1.0,4.0,3.0,12.0,12.0,12.0,B
42,1.0,15.0,4,4.0,1.0,2.0,3.0,3.0,19.0,18.0,18.0,A
43,1.0,15.0,2,2.0,1.0,1.0,4.0,1.0,8.0,8.0,11.0,B
44,0.0,16.0,2,2.0,2.0,2.0,3.0,3.0,10.0,10.0,9.0,C
45,0.0,15.0,4,3.0,1.0,2.0,2.0,2.0,8.0,8.0,6.0,C
46,0.0,16.0,3,3.0,1.0,2.0,3.0,5.0,11.0,12.0,11.0,B
47,1.0,16.0,4,3.0,1.0,3.5,2.0,2.0,19.0,19.0,20.0,A
48,1.0,15.0,4,2.0,1.0,2.0,3.0,3.0,15.0,15.0,14.0,B
49,0.0,15.0,4,4.0,1.0,2.0,4.0,4.0,7.0,7.0,7.0,C
50,0.0,16.0,2,2.0,3.0,2.0,3.0,3.0,12.0,13.0,13.0,B
51,0.0,15.0,4,2.0,1.0,2.0,3.0,3.0,11.0,13.0,13.0,B
52,1.0,15.0,4,2.0,2.0,1.0,5.0,5.0,11.0,11.0,10.0,B
53,0.0,15.0,4,4.0,1.0,1.0,3.0,4.0,8.0,10.0,11.0,B
54,0.0,15.0,3,3.0,1.0,1.0,3.0,4.0,10.0,13.0,13.0,B
55,0.0,16.0,2,1.0,1.0,2.0,3.0,4.0,8.0,9.0,10.0,B
56,0.0,15.0,4,3.0,1.0,2.0,3.0,2.0,14.0,15.0,15.0,A
57,1.0,15.0,4,4.0,1.0,2.0,2.0,2.0,14.0,15.0,15.0,A
58,1.0,15.0,1,2.0,1.0,2.0,3.0,2.0,9.0,10.0,9.0,C
59,0.0,16.0,4,2.0,1.0,2.0,2.0,3.0,15.0,16.0,16.0,A
60,0.0,16.0,4,4.0,1.0,2.0,4.0,4.0,10.0,11.0,11.0,B
61,0.0,16.0,1,1.0,3.5,1.0,5.0,5.0,10.0,8.0,11.0,B
62,0.0,16.0,1,2.0,1.0,2.0,4.0,3.0,8.0,10.0,9.0,C
63,0.0,16.0,4,3.0,1.0,3.0,4.0,4.0,10.0,9.0,9.0,C
64,0.0,15.0,4,3.0,1.0,2.0,4.0,4.0,10.0,10.0,10.0,B
65,0.0,16.0,4,3.0,3.0,2.0,4.0,3.0,16.0,15.0,15.0,A
66,1.0,15.0,4,4.0,1.0,3.5,3.0,3.0,13.0,13.0,12.0,B
67,0.0,16.0,3,1.0,1.0,3.5,3.0,3.0,7.0,7.0,6.0,C
68,0.0,15.0,2,2.0,2.0,2.0,1.5,3.0,8.0,9.0,8.0,C
69,0.0,15.0,3,1.0,2.0,3.5,4.0,2.0,16.0,16.0,16.0,A
70,1.0,16.0,3,1.0,2.0,3.5,3.0,2.0,13.0,15.0,15.0,A
71,1.0,15.0,4,2.0,1.0,3.5,3.0,3.0,10.0,10.0,10.0,B
72,0.0,15.0,1,1.0,1.0,2.0,3.0,4.0,8.0,6.0,5.0,C
73,1.0,16.0,3,1.0,1.0,1.0,3.0,2.0,12.0,12.0,14.0,B
74,0.0,16.0,3,3.0,1.0,2.0,3.0,3.0,11.0,12.0,11.0,B
75,1.0,15.0,4,3.0,1.0,2.0,3.0,3.0,9.0,9.0,10.0,B
76,1.0,15.0,4,0.5,2.0,3.5,4.0,3.0,11.0,11.0,10.0,B
77,0.0,16.0,2,2.0,1.0,3.5,2.0,3.0,11.0,11.0,11.0,B
78,1.0,17.0,2,1.0,2.0,1.0,5.0,1.0,8.0,8.0,10.0,B
79,0.0,16.0,3,4.0,1.0,2.0,4.0,3.0,5.0,5.0,5.0,C
80,1.0,15.0,2,3.0,1.0,1.0,2.0,2.0,10.0,12.0,12.0,B
81,1.0,15.0,2,3.0,1.0,3.0,3.0,2.0,11.0,10.0,11.0,B
82,0.0,15.0,3,2.0,1.0,2.0,4.0,4.0,7.0,6.0,6.0,C
83,1.0,15.0,2,2.0,2.0,2.0,3.0,3.0,15.0,15.0,15.0,A
84,0.0,15.0,1,1.0,1.0,2.0,3.0,2.0,9.0,10.0,10.0,B
85,0.0,15.0,4,4.0,2.0,2.0,4.0,4.0,7.0,9.0,8.0,C
86,0.0,16.0,2,2.0,1.0,2.0,3.0,4.0,8.0,7.0,6.0,C
87,0.0,15.0,4,2.0,1.0,3.0,3.0,3.0,13.0,14.0,14.0,B
88,1.0,16.0,2,2.0,2.0,2.0,4.0,2.0,11.0,10.0,10.0,B
89,1.0,16.0,4,4.0,1.0,2.0,1.5,3.0,8.0,6.0,7.0,C
90,0.0,16.0,3,3.0,1.0,3.0,3.0,3.0,7.0,7.0,8.0,C
91,0.0,15.0,4,3.0,1.0,1.0,5.0,5.0,16.0,17.0,18.0,A
92,0.0,16.0,3,1.0,1.0,2.0,3.0,3.0,7.0,6.0,6.0,C
93,0.0,16.0,4,2.0,2.0,2.0,3.0,3.0,11.0,10.0,10.0,B
94,1.0,15.0,2,2.0,1.0,3.5,3.0,4.0,11.0,13.0,14.0,B
95,0.0,15.0,1,1.0,2.0,3.5,1.5,2.0,7.0,10.0,10.0,B
96,1.0,16.0,4,3.0,2.0,1.0,3.0,3.0,11.0,15.0,15.0,A
97,0.0,16.0,2,1.0,1.0,2.0,3.0,5.0,8.0,9.0,10.0,B
98,0.0,16.0,4,4.0,1.0,1.0,3.0,4.0,11.0,14.0,14.0,B
99,0.0,16.0,4,3.0,1.0,3.0,3.0,5.0,7.0,9.0,8.0,C
100,1.0,16.0,4,4.0,1.0,1.0,5.0,5.0,7.0,7.0,5.0,C
101,1.0,16.0,4,4.0,1.0,3.0,4.0,3.0,16.0,17.0,17.0,A
102,1.0,15.0,4,4.0,1.0,1.0,3.0,3.0,10.0,13.0,14.0,B
103,0.0,15.0,3,2.0,2.0,2.0,3.0,5.0,7.0,6.0,6.0,C
104,1.0,15.0,3,4.0,1.0,2.0,4.0,4.0,16.0,18.0,18.0,A
105,0.0,15.0,3,3.0,1.0,3.5,3.0,3.0,10.0,11.0,11.0,B
106,0.0,15.0,2,2.0,1.0,3.5,1.5,2.0,7.0,8.0,8.0,C
107,1.0,16.0,3,3.0,1.0,3.0,3.0,3.0,16.0,18.0,18.0,A
108,1.0,15.0,4,4.0,3.5,3.5,3.0,5.0,10.0,13.0,13.0,B
109,0.0,16.0,4,4.0,1.0,3.0,4.0,5.0,14.0,15.0,16.0,A
110,1.0,15.0,4,4.0,1.0,1.0,5.0,3.0,18.0,19.0,19.0,A
111,0.0,16.0,3,3.0,1.0,3.0,1.5,2.0,7.0,10.0,10.0,B
112,0.0,16.0,2,2.0,1.0,2.0,1.5,2.0,10.0,13.0,13.0,B
113,1.0,15.0,4,2.0,1.0,1.0,5.0,2.0,18.0,19.0,19.0,A
114,1.0,15.0,2,1.0,1.0,2.0,4.0,2.0,9.0,9.0,9.0,C
115,1.0,16.0,4,4.0,1.0,2.0,4.0,4.0,15.0,15.0,16.0,A
116,1.0,15.0,4,4.0,2.0,2.0,4.0,3.0,11.0,13.0,14.0,B
117,1.0,16.0,3,3.0,2.0,1.0,4.0,2.0,13.0,14.0,13.0,B
118,1.0,17.0,1,3.0,3.0,2.0,2.0,4.0,9.0,7.0,8.0,C
119,1.0,15.0,3,4.0,1.0,1.0,4.0,3.0,14.0,13.0,13.0,B
120,0.0,15.0,1,2.0,1.0,2.0,2.0,3.0,16.0,15.0,15.0,A
121,1.0,15.0,2,2.0,1.0,3.5,5.0,4.0,16.0,14.0,15.0,A
122,0.0,16.0,2,4.0,2.0,2.0,2.0,2.0,13.0,13.0,13.0,B
123,1.0,16.0,4,4.0,1.0,1.0,4.0,4.0,14.0,11.0,13.0,B
124,0.0,16.0,2,2.0,1.0,2.0,4.0,4.0,8.0,7.0,8.0,C
125,1.0,15.0,3,4.0,1.0,1.0,5.0,5.0,13.0,13.0,12.0,B
126,0.0,15.0,3,4.0,1.0,2.0,3.0,2.0,7.0,10.0,11.0,B
127,0.0,18.5,0,1.0,1.0,2.0,4.0,2.0,7.0,8.0,9.0,C
128,1.0,18.0,2,2.0,1.0,1.0,3.0,3.0,7.0,4.0,3.1000000000000005,D
129,1.0,16.0,4,4.0,1.0,1.0,5.0,5.0,18.0,18.0,18.0,A
130,0.0,15.0,3,4.0,2.0,3.0,2.0,2.0,12.0,3.700000000000001,3.1000000000000005,D
131,0.0,15.0,1,1.0,3.0,1.0,3.0,3.0,8.0,3.700000000000001,3.1000000000000005,D
132,0.0,17.0,2,2.0,1.0,1.0,4.0,4.0,10.0,13.0,12.0,B
133,0.0,16.0,3,4.0,1.0,1.0,2.0,1.0,12.0,11.0,11.0,B
134,1.0,15.0,3,4.0,3.5,2.0,3.0,3.0,9.0,3.700000000000001,3.1000000000000005,D
135,0.0,15.0,4,4.0,1.0,3.0,3.0,3.0,11.0,3.700000000000001,3.1000000000000005,D
136,1.0,17.0,3,4.0,3.0,2.0,4.0,5.0,10.0,3.700000000000001,3.1000000000000005,D
137,0.0,16.0,3,3.0,2.0,1.0,3.0,2.0,4.0,3.700000000000001,3.1000000000000005,D
138,1.0,16.0,1,1.0,1.0,2.0,4.0,4.0,14.0,12.0,12.0,B
139,0.0,15.0,4,4.0,2.0,1.0,3.0,2.0,16.0,16.0,15.0,A
140,1.0,15.0,4,3.0,2.0,3.5,2.0,2.0,7.0,9.0,3.1000000000000005,D
141,1.0,16.0,2,2.0,2.0,1.0,3.0,3.0,9.0,9.0,9.0,C
142,0.0,15.0,4,4.0,1.0,3.0,2.0,2.0,9.0,11.0,11.0,B
143,0.0,16.0,1,1.0,1.0,1.0,4.0,4.0,14.0,14.0,13.0,B
144,1.0,17.0,2,1.0,1.0,1.0,4.0,5.0,5.0,3.700000000000001,3.1000000000000005,D
145,0.0,15.0,1,1.0,1.0,2.0,4.0,2.0,8.0,11.0,11.0,B
146,0.0,15.0,3,2.0,1.0,2.0,3.0,2.0,6.0,7.0,3.1000000000000005,D
147,0.0,15.0,1,2.0,1.0,2.0,3.0,2.0,10.0,11.0,11.0,B
148,1.0,16.0,4,4.0,1.0,1.0,3.0,2.0,7.0,6.0,3.1000000000000005,D
149,1.0,15.0,2,1.0,3.5,1.0,5.0,5.0,8.0,9.0,10.0,B
150,1.0,18.0,1,1.0,1.0,1.0,3.0,5.0,6.0,5.0,3.1000000000000005,D
151,1.0,16.0,2,1.0,1.0,1.0,4.0,4.0,12.0,13.0,14.0,B
152,0.0,15.0,3,3.0,2.0,3.0,2.0,1.0,10.0,10.0,10.0,B
153,1.0,18.5,3,2.0,1.0,1.0,5.0,4.0,5.0,3.700000000000001,3.1000000000000005,D
154,0.0,17.0,4,4.0,1.0,1.0,2.0,1.0,11.0,11.0,12.0,B
155,1.0,15.0,2,3.0,1.0,2.0,4.0,4.0,11.0,8.0,8.0,C
156,1.0,17.0,1,2.0,1.0,1.0,2.0,2.0,16.0,12.0,13.0,B
157,0.0,18.0,1,1.0,3.0,1.0,2.0,5.0,9.0,8.0,10.0,B
158,1.0,16.0,2,2.0,3.0,1.0,2.0,2.0,17.0,15.0,15.0,A
159,1.0,16.0,3,3.0,1.0,2.0,5.0,5.0,10.0,12.0,12.0,B
160,1.0,17.0,2,1.0,2.0,1.0,3.0,2.0,7.0,6.0,3.1000000000000005,D
161,1.0,15.0,3,2.0,2.0,2.0,4.0,4.0,5.0,9.0,7.0,C
162,1.0,16.0,1,2.0,2.0,1.0,4.0,4.0,7.0,3.700000000000001,3.1000000000000005,D
163,1.0,17.0,1,3.0,1.0,1.0,3.0,3.0,10.0,10.0,10.0,B
164,1.0,17.0,1,1.0,3.5,2.0,3.0,5.0,5.0,8.0,7.0,C
165,1.0,16.0,3,2.0,2.0,1.0,5.0,2.0,12.0,11.0,12.0,B
166,1.0,16.0,2,2.0,1.0,2.0,3.0,5.0,10.0,10.0,10.0,B
167,0.0,16.0,4,2.0,1.0,2.0,2.0,3.0,14.0,15.0,16.0,A
168,0.0,16.0,2,2.0,1.0,2.0,1.5,5.0,6.0,7.0,3.1000000000000005,D
169,0.0,16.0,4,4.0,1.0,2.0,4.0,2.0,14.0,14.0,14.0,B
170,1.0,16.0,3,4.0,3.0,1.0,4.0,5.0,6.0,5.0,3.1000000000000005,D
171,1.0,16.0,1,0.5,2.0,2.0,3.0,2.0,13.0,15.0,16.0,A
172,1.0,17.0,4,4.0,1.0,2.0,4.0,4.0,13.0,11.0,10.0,B
173,0.0,16.0,1,3.0,1.0,2.0,3.0,5.0,8.0,7.0,3.1000000000000005,D
174,0.0,16.0,3,3.0,2.0,2.0,4.0,5.0,10.0,11.0,9.0,C
175,1.0,17.0,4,3.0,2.0,2.0,4.0,4.0,10.0,9.0,9.0,C
176,0.0,16.0,2,2.0,2.0,2.0,4.0,4.0,13.0,13.0,11.0,B
177,1.0,17.0,3,3.0,1.0,2.0,3.0,4.0,6.0,5.0,6.0,C
178,1.0,16.0,4,2.0,1.0,1.0,3.0,3.0,10.0,8.0,9.0,C
179,1.0,17.0,4,3.0,1.0,2.0,2.0,3.0,10.0,10.0,11.0,B
180,1.0,16.0,4,3.0,1.0,2.0,4.0,3.0,9.0,8.0,8.0,C
181,1.0,16.0,3,3.0,1.0,2.0,2.0,3.0,12.0,13.0,12.0,B
182,0.0,17.0,2,4.0,1.0,2.0,4.0,2.0,16.0,17.0,17.0,A
183,0.0,17.0,3,3.0,1.0,2.0,3.0,3.0,9.0,9.0,8.0,C
184,0.0,16.0,3,2.0,1.0,2.0,2.0,2.0,12.0,13.0,12.0,B
185,1.0,17.0,3,3.0,1.0,2.0,3.0,4.0,12.0,12.0,11.0,B
186,1.0,16.0,1,2.0,1.0,1.0,3.0,3.0,11.0,12.0,11.0,B
187,1.0,16.0,2,1.0,1.0,2.0,2.0,3.0,15.0,15.0,15.0,A
188,0.0,17.0,3,3.0,1.0,2.0,3.0,3.0,8.0,7.0,9.0,C
189,1.0,17.0,1,2.0,1.0,2.0,1.5,3.0,8.0,9.0,10.0,B
190,0.0,16.0,2,3.0,1.0,2.0,3.0,3.0,11.0,12.0,13.0,B
191,0.0,17.0,1,1.0,1.0,2.0,3.0,3.0,8.0,8.0,9.0,C
192,1.0,17.0,1,2.0,2.0,2.0,4.0,4.0,7.0,8.0,8.0,C
193,1.0,16.0,3,3.0,1.0,1.0,3.0,2.0,8.0,9.0,10.0,B
194,1.0,16.0,2,3.0,2.0,1.0,3.0,3.0,13.0,14.0,14.0,B
195,0.0,17.0,2,4.0,1.0,2.0,3.0,2.0,14.0,15.0,15.0,A
196,1.0,17.0,4,4.0,1.0,1.0,2.0,3.0,17.0,15.0,16.0,A
197,1.0,16.0,3,3.0,3.0,1.0,3.0,4.0,9.0,9.0,10.0,B
198,0.0,17.0,4,4.0,2.0,1.0,2.0,4.0,18.0,18.0,18.0,A
199,0.0,16.0,4,4.0,1.0,2.0,5.0,2.0,9.0,9.0,10.0,B
200,0.0,16.0,4,3.0,1.0,2.0,3.0,5.0,16.0,16.0,16.0,A
201,0.0,16.0,2,3.0,1.0,2.0,4.0,3.0,8.0,10.0,10.0,B
202,0.0,17.0,1,1.0,1.0,2.0,4.0,4.0,9.0,9.0,10.0,B
203,0.0,17.0,2,2.0,1.0,1.0,3.0,2.0,7.0,6.0,6.0,C
204,0.0,16.0,2,2.0,2.0,3.5,3.0,5.0,10.0,10.0,11.0,B
205,0.0,17.0,3,4.0,1.0,3.0,4.0,3.0,10.0,9.0,9.0,C
206,0.0,16.0,3,1.0,1.0,2.0,3.0,3.0,7.0,7.0,7.0,C
207,0.0,16.0,4,3.0,1.0,2.0,3.0,2.0,11.0,12.0,13.0,B
208,0.0,16.0,1,1.0,2.0,1.0,3.0,2.0,9.0,9.0,10.0,B
209,0.0,17.0,4,3.0,2.0,3.0,4.0,2.0,7.0,7.0,7.0,C
210,0.0,18.5,3,3.0,1.0,3.5,3.0,3.0,8.0,8.0,8.0,C
211,1.0,17.0,4,4.0,1.0,2.0,3.0,5.0,12.0,12.0,13.0,B
212,0.0,16.0,2,2.0,1.0,2.0,3.0,4.0,12.0,13.0,14.0,B
213,1.0,18.0,2,2.0,1.0,2.0,4.0,4.0,6.0,7.0,8.0,C
214,0.0,17.0,4,4.0,1.0,1.0,2.0,1.0,8.0,10.0,10.0,B
215,0.0,17.0,3,2.0,2.0,2.0,4.0,4.0,14.0,15.0,15.0,A
216,0.0,17.0,4,3.0,1.0,2.0,4.0,5.0,6.0,6.0,4.0,D
217,1.0,18.0,3,3.0,1.0,2.0,2.0,4.0,6.0,6.0,8.0,C
218,0.0,17.0,2,3.0,2.0,1.0,3.0,3.0,7.0,7.0,8.0,C
219,0.0,17.0,2,2.0,1.0,3.0,3.0,3.0,9.0,10.0,10.0,B
220,0.0,17.0,2,1.0,2.0,2.0,2.0,5.0,6.0,6.0,6.0,C
221,0.0,17.0,1,1.0,1.0,3.0,3.0,4.0,6.0,5.0,3.1000000000000005,D
222,0.0,16.0,2,3.0,1.0,2.0,3.0,1.0,16.0,16.0,17.0,A
223,1.0,18.0,2,2.0,2.0,2.0,3.0,3.0,12.0,13.0,13.0,B
224,0.0,16.0,4,4.0,1.0,3.0,3.0,2.0,13.0,13.0,14.0,B
225,0.0,18.0,3,1.0,1.0,2.0,3.0,3.0,9.0,8.0,7.0,C
226,0.0,17.0,3,2.0,1.0,2.0,3.0,4.0,16.0,15.0,15.0,A
227,1.0,17.0,2,3.0,1.0,2.0,3.0,3.0,12.0,11.0,12.0,B
228,1.0,18.0,2,1.0,3.5,2.0,3.0,2.0,10.0,8.0,9.0,C
229,0.0,17.0,2,1.0,2.0,3.0,2.0,3.0,12.0,10.0,12.0,B
230,0.0,17.0,4,3.0,1.0,2.0,2.0,3.0,13.0,13.0,14.0,B
231,1.0,17.0,2,2.0,2.0,2.0,5.0,2.0,11.0,11.0,11.0,B
232,1.0,17.0,4,4.0,1.0,2.0,5.0,5.0,11.0,9.0,9.0,C
233,1.0,16.0,4,4.0,1.0,2.0,2.0,4.0,14.0,13.0,13.0,B
234,1.0,16.0,1,1.0,2.0,2.0,4.0,2.0,9.0,7.0,6.0,C
235,1.0,16.0,3,2.0,2.0,3.0,3.0,3.0,11.0,9.0,10.0,B
236,1.0,17.0,2,2.0,1.0,2.0,4.0,2.0,14.0,13.0,13.0,B
237,0.0,16.0,2,1.0,1.0,1.0,5.0,2.0,13.0,12.0,12.0,B
238,0.0,17.0,2,1.0,3.0,2.0,1.5,1.0,13.0,11.0,11.0,B
239,1.0,18.0,2,2.0,1.0,2.0,5.0,4.0,7.0,7.0,3.1000000000000005,D
240,1.0,17.0,4,3.0,2.0,2.0,5.0,5.0,12.0,12.0,12.0,B
241,1.0,17.0,4,4.0,2.0,2.0,3.0,3.0,10.0,11.0,12.0,B
242,1.0,16.0,4,3.0,1.0,1.0,4.0,5.0,6.0,3.700000000000001,3.1000000000000005,D
243,1.0,16.0,4,4.0,1.0,1.0,3.0,2.0,13.0,12.0,12.0,B
244,0.0,18.0,2,1.0,2.0,3.0,4.0,4.0,7.0,3.700000000000001,3.1000000000000005,D
245,1.0,16.0,2,1.0,3.0,1.0,3.0,3.0,18.0,18.0,18.0,A
246,1.0,17.0,2,3.0,2.0,1.0,2.0,2.0,12.0,12.0,13.0,B
247,1.0,18.5,3,1.0,1.0,1.0,4.0,5.0,6.0,8.0,8.0,C
248,1.0,18.0,3,3.0,1.0,2.0,3.0,3.0,4.0,5.0,5.0,C
249,1.0,16.0,0,2.0,1.0,1.0,3.0,2.0,13.0,15.0,15.0,A
250,1.0,18.0,3,2.0,2.0,1.0,4.0,5.0,6.0,8.0,8.0,C
251,1.0,16.0,3,3.0,3.0,2.0,3.0,3.0,7.0,10.0,10.0,B
252,1.0,18.0,2,1.0,1.0,1.0,2.0,5.0,6.0,9.0,8.0,C
253,1.0,16.0,2,1.0,2.0,1.0,3.0,2.0,8.0,9.0,8.0,C
254,1.0,17.0,2,1.0,1.0,1.0,4.0,2.0,8.0,12.0,12.0,B
255,1.0,17.0,1,1.0,2.0,1.0,4.0,4.0,7.0,9.0,8.0,C
256,0.0,17.0,4,2.0,1.0,3.5,2.0,3.0,14.0,12.0,13.0,B
257,1.0,18.5,4,3.0,1.0,2.0,3.0,1.0,11.0,11.0,11.0,B
258,1.0,18.0,2,1.0,1.0,2.0,2.0,4.0,15.0,14.0,14.0,B
259,0.0,17.0,2,2.0,1.0,3.5,4.0,1.0,10.0,9.0,3.1000000000000005,D
260,0.0,18.0,4,3.0,1.0,2.0,1.5,2.0,17.0,18.0,18.0,A
261,1.0,18.0,4,3.0,1.0,2.0,3.0,2.0,8.0,8.0,8.0,C
262,1.0,18.0,3,2.0,1.0,3.0,3.0,2.0,13.0,12.0,12.0,B
263,0.0,17.0,3,3.0,1.0,3.0,2.0,3.0,10.0,9.0,9.0,C
264,0.0,18.0,2,2.0,1.0,3.0,3.0,3.0,9.0,10.0,3.1000000000000005,D
265,1.0,18.0,3,4.0,2.0,2.0,2.0,5.0,17.0,17.0,17.0,A
266,1.0,17.0,3,1.0,1.0,2.0,4.0,4.0,9.0,9.0,10.0,B
267,0.0,18.0,4,4.0,2.0,2.0,3.0,4.0,12.0,10.0,11.0,B
268,1.0,18.0,4,2.0,1.0,2.0,4.0,5.0,10.0,9.0,10.0,B
269,0.0,18.0,2,1.0,2.0,2.0,3.0,5.0,6.0,3.700000000000001,3.1000000000000005,D
270,0.0,18.5,3,3.0,1.0,2.0,3.0,5.0,9.0,9.0,9.0,C
271,0.0,18.0,2,3.0,1.0,3.5,5.0,5.0,15.0,14.0,14.0,B
272,0.0,18.0,1,1.0,2.0,2.0,4.0,3.0,11.0,11.0,11.0,B
273,1.0,17.0,1,2.0,1.0,2.0,5.0,2.0,15.0,14.0,14.0,B
274,0.0,17.0,2,4.0,2.0,2.0,3.0,3.0,10.0,10.0,10.0,B
275,0.0,17.0,2,2.0,2.0,2.0,4.0,4.0,12.0,12.0,12.0,B
276,0.0,18.0,3,2.0,2.0,2.0,1.5,1.0,10.0,9.0,9.0,C
277,1.0,18.0,4,4.0,2.0,1.0,2.0,4.0,9.0,9.0,9.0,C
278,0.0,18.0,4,4.0,1.0,2.0,4.0,4.0,9.0,8.0,8.0,C
279,1.0,18.0,4,3.0,2.0,1.0,2.0,3.0,10.0,11.0,10.0,B
280,1.0,17.0,4,1.0,2.0,1.0,5.0,4.0,8.0,8.0,8.0,C
281,1.0,17.0,3,2.0,1.0,1.0,4.0,4.0,11.0,9.0,10.0,B
282,0.0,18.0,1,1.0,2.0,3.5,2.0,2.0,12.0,12.0,12.0,B
283,0.0,18.0,1,1.0,2.0,2.0,4.0,4.0,8.0,9.0,10.0,B
284,0.0,17.0,2,2.0,1.0,2.0,4.0,5.0,10.0,9.0,11.0,B
285,1.0,17.0,1,1.0,1.0,2.0,3.0,3.0,12.0,10.0,11.0,B
286,0.0,18.0,2,2.0,1.0,3.0,3.0,3.0,18.0,18.0,19.0,A
287,0.0,17.0,1,1.0,1.0,3.0,3.0,3.0,13.0,12.0,12.0,B
288,1.0,18.0,2,1.0,1.0,3.0,2.0,4.0,15.0,14.0,14.0,B
289,1.0,18.0,4,4.0,1.0,2.0,4.0,3.0,15.0,13.0,15.0,A
290,1.0,18.0,4,2.0,1.0,2.0,3.0,2.0,12.0,11.0,11.0,B
291,0.0,17.0,4,3.0,1.0,3.0,2.0,2.0,15.0,15.0,15.0,A
292,0.0,18.0,2,1.0,1.0,2.0,4.0,3.0,12.0,12.0,13.0,B
293,0.0,17.0,3,1.0,2.0,3.5,1.5,2.0,18.0,18.0,18.0,A
294,1.0,18.0,3,2.0,2.0,3.0,4.0,2.0,14.0,13.0,14.0,B
295,1.0,17.0,3,3.0,1.0,1.0,4.0,3.0,14.0,12.0,11.0,B
296,0.0,18.5,4,4.0,2.0,2.0,3.0,4.0,10.0,9.0,3.1000000000000005,D
297,0.0,18.0,4,3.0,2.0,2.0,4.0,5.0,10.0,8.0,8.0,C
298,0.0,18.0,4,3.0,1.0,3.5,3.0,3.0,14.0,13.0,14.0,B
299,1.0,18.0,4,4.0,1.0,1.0,4.0,2.0,16.0,15.0,16.0,A
300,0.0,18.0,4,4.0,1.0,2.0,2.0,4.0,12.0,10.0,11.0,B
301,1.0,17.0,4,4.0,2.0,1.0,1.5,1.0,11.0,11.0,10.0,B
302,0.0,17.0,4,2.0,2.0,3.0,3.0,3.0,15.0,12.0,14.0,B
303,0.0,17.0,3,2.0,1.0,3.5,2.0,2.0,17.0,17.0,18.0,A
304,1.0,18.5,3,3.0,1.0,2.0,4.0,4.0,15.0,14.0,13.0,B
305,0.0,18.0,2,4.0,1.0,2.0,4.0,3.0,14.0,12.0,12.0,B
306,1.0,18.5,3,2.0,1.0,1.0,5.0,3.0,17.0,18.0,18.0,A
307,1.0,18.5,4,4.0,2.0,1.0,3.0,4.0,8.0,9.0,8.0,C
308,1.0,18.5,3,3.0,1.0,2.0,5.0,3.0,15.0,12.0,12.0,B
309,0.0,18.5,1,1.0,1.0,2.0,4.0,3.0,12.0,10.0,10.0,B
310,0.0,18.5,1,2.0,1.0,2.0,2.0,4.0,9.0,9.0,3.1000000000000005,D
311,0.0,18.5,2,1.0,3.0,2.0,4.0,1.0,14.0,12.0,13.0,B
312,1.0,18.5,1,2.0,1.0,2.0,5.0,2.0,13.0,11.0,11.0,B
313,0.0,18.5,3,2.0,2.0,2.0,2.0,2.0,13.0,10.0,11.0,B
314,0.0,18.5,1,1.0,1.0,3.0,1.5,2.0,15.0,13.0,13.0,B
315,0.0,18.5,2,3.0,1.0,3.0,1.5,2.0,13.0,11.0,11.0,B
316,0.0,18.0,2,1.0,2.0,2.0,3.0,3.0,8.0,8.0,3.1000000000000005,D
317,0.0,18.0,4,3.0,1.0,3.0,3.0,4.0,9.0,10.0,9.0,C
318,0.0,17.0,3,4.0,1.0,3.0,3.0,4.0,11.0,11.0,10.0,B
319,0.0,18.0,4,4.0,1.0,2.0,4.0,4.0,11.0,11.0,11.0,B
320,0.0,17.0,4,3.0,1.0,2.0,2.0,2.0,13.0,13.0,13.0,B
321,0.0,17.0,2,2.0,1.0,2.0,2.0,2.0,11.0,9.0,9.0,C
322,0.0,17.0,2,2.0,1.0,3.0,3.0,2.0,11.0,11.0,11.0,B
323,0.0,17.0,3,1.0,1.0,3.0,4.0,3.0,12.0,14.0,15.0,A
324,0.0,17.0,0,2.0,2.0,3.0,3.0,3.0,16.0,15.0,15.0,A
325,1.0,18.0,4,4.0,1.0,3.0,3.0,3.0,9.0,12.0,11.0,B
326,1.0,17.0,3,3.0,1.0,1.0,3.0,5.0,14.0,15.0,16.0,A
327,1.0,17.0,2,2.0,3.5,1.0,4.0,5.0,11.0,10.0,10.0,B
328,0.0,17.0,4,4.0,1.0,3.0,4.0,4.0,10.0,9.0,9.0,C
329,0.0,17.0,4,4.0,2.0,3.0,3.0,3.0,14.0,14.0,14.0,B
330,1.0,18.0,2,2.0,1.0,3.5,5.0,5.0,9.0,8.0,8.0,C
331,0.0,17.0,2,4.0,1.0,3.0,4.0,3.0,12.0,14.0,14.0,B
332,0.0,18.0,3,3.0,1.0,2.0,3.0,4.0,7.0,3.700000000000001,3.1000000000000005,D
333,0.0,18.0,2,2.0,1.0,2.0,3.0,3.0,8.0,8.0,3.1000000000000005,D
334,0.0,18.0,2,2.0,2.0,3.5,4.0,4.0,10.0,9.0,3.1000000000000005,D
335,0.0,17.0,3,4.0,1.0,3.0,4.0,5.0,16.0,15.0,15.0,A
336,0.0,18.5,3,1.0,1.0,3.0,4.0,3.0,14.0,13.0,13.0,B
337,0.0,17.0,3,2.0,1.0,2.0,3.0,2.0,7.0,8.0,3.1000000000000005,D
338,0.0,18.0,3,3.0,1.0,3.5,3.0,3.0,16.0,15.0,17.0,A
339,0.0,17.0,3,2.0,1.0,2.0,3.0,3.0,9.0,10.0,10.0,B
340,0.0,18.5,2,1.0,1.0,3.0,3.0,4.0,11.0,12.0,11.0,B
341,1.0,18.0,4,4.0,1.0,2.0,3.0,3.0,10.0,10.0,3.1000000000000005,D
342,1.0,18.0,3,4.0,1.0,2.0,3.0,3.0,16.0,15.0,15.0,A
343,0.0,17.0,2,2.0,1.0,2.0,3.0,1.0,9.0,8.0,3.1000000000000005,D
344,0.0,18.0,2,3.0,1.0,3.0,3.0,3.0,11.0,10.0,10.0,B
345,0.0,18.0,3,2.0,1.0,3.0,4.0,3.0,13.0,13.0,14.0,B
346,1.0,18.0,4,3.0,1.0,3.0,3.0,2.0,16.0,15.0,16.0,A
347,1.0,18.0,4,3.0,1.0,3.0,4.0,5.0,10.0,10.0,9.0,C
348,0.0,17.0,4,3.0,1.0,3.0,4.0,3.0,13.0,15.0,15.0,A
349,1.0,18.0,3,2.0,2.0,1.0,5.0,5.0,11.0,13.0,13.0,B
350,1.0,18.5,1,1.0,3.0,2.0,4.0,4.0,8.0,7.0,8.0,C
351,1.0,17.0,3,3.0,2.0,2.0,5.0,4.0,13.0,13.0,13.0,B
352,1.0,18.0,1,3.0,1.0,1.0,3.0,3.0,8.0,7.0,8.0,C
353,1.0,18.5,1,1.0,3.0,1.0,4.0,4.0,8.0,8.0,8.0,C
354,1.0,17.0,4,3.0,2.0,2.0,5.0,5.0,13.0,11.0,11.0,B
355,0.0,18.0,3,3.0,1.0,2.0,3.0,4.0,10.0,9.0,9.0,C
356,0.0,17.0,4,4.0,2.0,2.0,3.0,3.0,12.0,13.0,13.0,B
357,0.0,17.0,3,2.0,2.0,2.0,2.0,3.0,12.0,12.0,11.0,B
358,1.0,18.0,1,1.0,2.0,1.0,3.0,2.0,10.0,10.0,10.0,B
359,0.0,18.0,1,1.0,2.0,3.0,3.0,2.0,18.0,16.0,16.0,A
360,0.0,18.0,1,4.0,3.0,2.0,3.0,4.0,13.0,13.0,13.0,B
361,1.0,18.0,1,1.0,2.0,2.0,4.0,3.0,13.0,12.0,12.0,B
362,0.0,18.0,3,3.0,2.0,2.0,3.0,2.0,11.0,11.0,10.0,B
363,0.0,17.0,4,4.0,1.0,2.0,3.0,4.0,16.0,15.0,15.0,A
364,0.0,17.0,1,2.0,2.0,2.0,2.0,2.0,12.0,11.0,12.0,B
365,1.0,18.0,1,3.0,2.0,2.0,3.0,4.0,10.0,10.0,10.0,B
366,1.0,18.0,4,4.0,2.0,3.0,2.0,2.0,13.0,13.0,13.0,B
367,0.0,17.0,1,1.0,3.0,1.0,2.0,1.0,7.0,6.0,3.1000000000000005,D
368,0.0,18.0,2,3.0,2.0,1.0,2.0,3.0,11.0,10.0,10.0,B
369,0.0,18.0,4,4.0,3.0,2.0,2.0,2.0,14.0,12.0,11.0,B
370,0.0,18.5,3,2.0,2.0,2.0,2.0,2.0,7.0,7.0,9.0,C
371,1.0,18.0,1,2.0,3.0,1.0,3.0,3.0,14.0,12.0,12.0,B
372,0.0,17.0,2,2.0,1.0,3.0,4.0,3.0,13.0,11.0,11.0,B
373,0.0,17.0,1,2.0,1.0,1.0,5.0,5.0,6.0,5.0,5.0,C
374,0.0,18.0,4,4.0,2.0,3.0,4.0,4.0,19.0,18.0,19.0,A
375,0.0,18.0,1,1.0,3.5,3.0,3.0,2.0,8.0,8.0,10.0,B
376,0.0,18.5,4,2.0,2.0,3.0,4.0,3.0,15.0,14.0,15.0,A
377,0.0,18.0,4,4.0,1.0,2.0,4.0,3.0,8.0,9.0,10.0,B
378,0.0,18.0,3,3.0,1.0,2.0,1.5,3.0,15.0,15.0,15.0,A
379,0.0,17.0,3,1.0,1.0,2.0,5.0,4.0,10.0,10.0,10.0,B
380,1.0,18.0,4,4.0,1.0,2.0,2.0,4.0,15.0,14.0,14.0,B
381,1.0,18.0,2,1.0,2.0,1.0,4.0,3.0,7.0,6.0,7.0,C
382,1.0,17.0,2,3.0,2.0,2.0,4.0,3.0,11.0,11.0,10.0,B
383,1.0,18.5,1,1.0,2.0,1.0,3.0,2.0,6.0,5.0,3.1000000000000005,D
384,1.0,18.0,4,2.0,2.0,1.0,4.0,3.0,6.0,5.0,5.0,C
385,0.0,18.0,2,2.0,2.0,3.0,3.0,3.0,10.0,9.0,10.0,B
386,0.0,18.0,4,4.0,3.0,1.0,4.0,3.0,6.0,5.0,6.0,C
387,0.0,18.5,2,3.0,1.0,3.0,4.0,2.0,7.0,5.0,3.1000000000000005,D
388,0.0,18.0,3,1.0,1.0,2.0,3.0,4.0,7.0,9.0,8.0,C
389,0.0,18.0,1,1.0,2.0,2.0,1.5,1.0,6.0,5.0,3.1000000000000005,D
390,1.0,18.5,2,2.0,1.0,2.0,5.0,4.0,9.0,9.0,9.0,C
391,1.0,17.0,3,1.0,2.0,1.0,4.0,5.0,14.0,16.0,16.0,A
392,1.0,18.5,1,1.0,1.0,1.0,5.0,3.0,10.0,8.0,7.0,C
393,1.0,18.0,3,2.0,3.0,1.0,4.0,1.0,11.0,12.0,10.0,B
394,1.0,18.5,1,1.0,1.0,1.0,2.0,3.0,8.0,9.0,9.0,C
0,0.0,17.0,3,3.0,11.0,2.0,8.0,9.5,13.4,13.4,12.6,A
1,0.0,14.5,3,2.0,8.0,3.0,8.0,9.5,8.0,11.8,11.0,B
2,0.0,17.0,4,4.0,8.0,6.0,3.0,9.5,11.8,12.0,10.0,A
3,0.0,17.0,2,3.0,11.0,5.0,5.0,1.0,15.4,15.6,13.6,A
4,0.0,16.0,1,2.0,11.0,0.0,3.0,1.0,15.6,14.6,13.6,A
5,0.0,16.0,1,1.0,11.0,3.0,8.0,7.0,12.6,15.4,15.2,A
6,1.0,17.0,2,2.0,11.0,6.0,8.0,3.0,12.4,11.8,12.6,A
7,1.0,16.0,3,3.0,10.0,6.0,8.0,3.0,18.6,17.6,16.8,A
8,1.0,14.5,2,1.0,11.0,2.0,4.0,3.0,12.6,11.2,13.0,C
9,1.0,17.0,3,2.0,10.0,1.0,8.0,2.0,9.4,8.4,9.0,A
10,1.0,17.0,1,2.0,11.0,6.0,8.0,9.5,19.8,16.6,17.0,A
11,1.0,16.0,1,3.0,10.0,4.0,8.0,6.0,16.0,17.4,18.0,A
12,0.0,17.0,1,1.0,11.0,1.0,6.0,9.5,15.4,17.4,17.0,A
13,0.0,16.0,3,2.0,5.0,4.0,8.0,5.0,14.8,14.8,14.6,A
14,1.0,18.0,2,2.0,8.0,6.0,2.0,9.5,16.2,17.4,17.0,A
15,0.0,14.5,4,2.0,11.0,2.0,6.0,0.0,13.8,12.2,11.4,C
16,1.0,15.0,2,2.0,11.0,6.0,8.0,2.0,11.6,9.4,8.4,A
17,1.0,14.5,4,4.0,2.0,2.0,2.5,9.5,10.8,12.4,13.0,B
18,1.0,14.5,3,4.0,11.0,6.0,2.0,9.5,4.6,8.8,8.8,C
19,0.0,16.0,1,0.0,11.0,3.0,8.0,9.5,7.8,6.4,6.2,A
20,1.0,17.0,4,4.0,11.0,2.0,8.0,9.5,16.6,15.2,17.6,A
21,1.0,14.5,1,3.0,11.0,2.0,6.0,9.5,11.6,10.4,11.0,B
22,1.0,17.0,3,3.0,8.0,0.0,7.0,1.0,14.2,13.8,14.6,A
23,0.0,18.0,4,3.0,5.0,6.0,6.0,8.0,8.8,11.0,10.8,A
24,0.0,17.0,2,2.0,11.0,2.0,8.0,0.0,9.2,7.6,6.4,A
25,1.0,14.5,3,3.0,11.0,2.0,8.0,9.5,10.2,9.0,8.4,C
26,0.0,14.5,4,2.0,10.0,4.0,3.0,4.0,10.6,12.0,11.2,B
27,0.0,16.0,4,3.0,5.0,2.0,4.0,3.0,14.2,13.6,12.0,A
28,0.0,14.5,4,3.0,6.0,1.0,8.0,9.5,14.8,17.8,17.8,C
29,0.0,17.0,3,3.0,10.0,0.0,7.0,9.5,6.6,10.8,10.2,A
30,0.0,15.0,2,4.0,3.0,0.0,8.0,4.0,17.4,15.8,15.4,B
31,1.0,18.5,3,3.0,10.0,6.0,8.0,9.5,15.6,14.8,14.6,A
32,1.0,17.0,3,2.0,10.0,6.0,8.0,8.0,8.0,8.2,7.8,A
33,0.0,17.0,3,3.0,7.0,1.0,5.0,9.5,13.0,13.0,14.2,A
34,1.0,15.0,1,2.0,11.0,6.0,8.0,6.0,15.8,17.6,17.8,A
35,0.0,18.0,2,1.0,11.0,0.0,8.0,5.0,13.6,14.8,14.8,A
36,1.0,18.5,3,3.0,5.0,0.0,8.0,9.5,11.4,15.4,15.0,A
37,1.0,16.0,1,2.0,8.0,4.0,8.0,0.0,13.4,13.0,10.8,A
38,1.0,14.5,2,3.0,2.0,2.0,4.0,3.0,11.6,13.6,14.6,D
39,0.0,18.0,1,1.0,11.0,2.0,5.0,5.0,19.6,16.2,15.4,A
40,0.0,18.0,1,2.0,6.0,3.0,8.0,5.0,10.8,15.0,14.4,A
41,1.0,17.0,3,3.0,5.0,6.0,7.0,5.0,15.4,13.4,12.8,A
42,0.0,14.5,2,3.0,10.0,6.0,8.0,9.5,17.4,15.8,16.4,C
43,0.0,16.0,2,4.0,2.0,2.0,4.0,3.0,11.6,14.0,14.0,A
44,1.0,17.0,4,4.0,11.0,3.0,8.0,2.0,20.0,17.6,17.4,A
45,0.0,14.5,3,3.0,11.0,4.0,1.0,6.0,12.0,9.2,10.2,C
46,0.0,18.0,4,4.0,11.0,2.0,8.0,0.0,12.8,12.6,11.4,A
47,0.0,14.5,4,4.0,10.0,2.0,4.0,3.0,13.0,15.2,15.6,D
48,1.0,17.0,4,3.0,3.0,6.0,8.0,6.0,13.6,14.4,14.6,A
49,0.0,14.5,2,3.0,10.0,2.0,8.0,9.5,12.0,12.6,11.4,D
50,1.0,18.0,1,1.0,5.0,1.0,8.0,8.0,13.0,13.6,12.8,A
51,0.0,14.5,2,2.0,2.0,1.0,2.0,6.0,10.4,11.6,12.0,B
52,0.0,17.0,2,2.0,10.0,2.0,8.0,7.0,14.8,16.2,17.0,A
53,1.0,18.0,3,4.0,11.0,2.0,8.0,9.5,7.2,10.6,9.8,A
54,0.0,17.0,3,1.0,11.0,3.0,8.0,2.0,11.4,11.4,9.4,A
55,1.0,17.0,4,3.0,11.0,2.0,8.0,8.0,11.2,12.0,12.4,A
56,1.0,17.0,1,1.0,5.0,3.0,8.0,8.0,13.4,16.0,16.8,A
57,0.0,16.0,4,3.0,7.0,2.0,4.0,9.5,17.6,17.4,16.6,A
58,0.0,17.0,3,3.0,8.0,2.0,8.0,9.5,8.4,12.2,10.2,A
59,0.0,14.5,4,4.0,2.0,2.0,4.0,3.0,13.6,10.2,9.6,C
60,1.0,17.0,2,2.0,5.0,6.0,8.0,2.0,15.2,13.2,13.6,A
61,0.0,17.0,2,2.0,10.0,2.0,8.0,9.5,11.6,12.6,11.8,A
62,1.0,17.0,4,4.0,11.0,6.0,8.0,5.0,13.8,13.4,12.4,A
63,0.0,18.0,3,2.0,6.0,2.0,8.0,9.5,15.4,16.4,15.6,A
64,0.0,14.5,4,3.0,10.0,2.0,8.0,9.5,16.6,18.6,19.4,C
65,0.0,17.0,3,3.0,5.0,1.0,8.0,2.0,9.8,14.8,14.0,A
66,0.0,14.5,2,3.0,11.0,1.0,8.0,2.0,14.2,12.0,11.2,B
67,1.0,17.0,2,2.0,11.0,4.0,8.0,9.5,9.4,9.2,9.8,A
68,1.0,14.5,2,1.0,11.0,3.0,7.0,6.0,15.8,12.8,12.0,D
69,0.0,14.5,1,1.0,11.0,6.0,8.0,9.5,12.0,12.8,11.4,D
70,1.0,14.5,2,3.0,11.0,3.0,8.0,9.5,11.2,13.6,14.6,C
71,1.0,17.0,2,2.0,11.0,1.0,8.0,0.0,11.4,10.4,9.4,A
72,1.0,14.5,4,4.0,11.0,2.0,5.0,3.0,9.8,14.0,12.6,C
73,1.0,16.0,3,1.0,11.0,6.0,8.0,4.0,15.8,15.2,16.2,A
74,1.0,17.0,3,2.0,11.0,2.0,8.0,4.0,14.2,15.2,13.4,A
75,1.0,14.5,2,3.0,5.0,1.0,8.0,3.0,14.2,15.4,14.0,B
76,0.0,17.0,2,1.0,11.0,0.0,8.0,9.5,9.4,12.6,11.8,A
77,1.0,17.0,2,1.0,11.0,2.0,4.0,3.0,14.4,18.2,16.2,A
78,0.0,18.0,4,3.0,11.0,5.0,8.0,2.0,15.6,14.6,15.2,A
79,0.0,14.5,2,2.0,11.0,2.0,8.0,9.5,10.8,8.6,9.0,D
80,1.0,14.5,4,4.0,5.0,0.0,8.0,9.5,9.2,11.8,12.4,B
81,1.0,14.5,4,4.0,10.0,1.0,8.0,2.0,6.2,7.6,8.4,C
82,0.0,15.0,1,1.0,10.0,2.0,8.0,2.0,10.2,11.8,11.8,A
83,0.0,14.5,3,2.0,5.0,1.0,8.0,1.0,15.6,15.2,14.6,C
84,1.0,14.5,2,2.0,2.0,2.0,4.0,3.0,6.4,8.2,7.8,C
85,0.0,17.0,2,1.0,5.0,6.0,5.0,9.5,10.6,14.2,13.8,A
86,1.0,17.0,2,1.0,11.0,0.0,8.0,2.0,12.6,15.2,13.8,A
87,0.0,17.0,2,2.0,6.0,2.0,8.0,7.0,19.4,18.6,17.6,A
88,1.0,15.0,4,3.0,11.0,2.0,1.0,9.5,11.2,10.4,12.2,A
89,0.0,16.0,4,4.0,2.0,2.0,4.0,3.0,14.4,15.2,14.4,A
90,1.0,17.0,4,3.0,9.0,6.0,8.0,2.0,11.4,9.4,8.4,A
91,0.0,14.5,4,4.0,2.0,2.0,4.0,3.0,14.8,14.2,14.0,A
92,1.0,16.0,2,1.0,10.0,5.0,8.0,9.5,16.2,16.2,17.4,A
93,1.0,16.0,2,1.0,11.0,6.0,8.0,0.0,18.8,17.4,18.6,A
94,0.0,14.5,2,3.0,5.0,5.0,6.0,2.0,16.2,14.6,14.4,C
95,1.0,17.0,3,1.0,7.0,4.0,8.0,6.0,11.6,12.6,13.4,A
96,1.0,18.0,3,3.0,11.0,3.0,2.0,6.0,19.0,20.0,20.0,A
97,0.0,14.5,0,2.0,11.0,1.0,8.0,8.0,9.0,10.4,9.8,C
98,1.0,14.5,3,2.0,5.0,2.5,0.0,1.0,12.6,10.0,9.8,B
99,1.0,18.0,3,3.0,5.0,5.0,8.0,9.5,12.0,10.8,10.6,A
100,1.0,14.5,2,1.0,11.0,2.0,4.0,3.0,10.8,12.2,12.4,B
101,1.0,17.0,2,1.0,10.0,2.0,4.0,3.0,15.0,15.6,15.8,A
102,0.0,17.0,2,1.0,4.0,1.0,3.0,9.5,15.8,15.6,15.4,A
103,1.0,14.5,2,2.0,11.0,1.0,8.0,1.0,13.2,13.4,13.4,B
104,0.0,14.5,2,2.0,11.0,1.0,8.0,9.5,9.4,11.6,11.6,C
105,1.0,17.0,4,2.0,11.0,1.0,8.0,0.0,14.0,15.6,16.4,A
106,0.0,14.5,3,4.0,10.0,0.0,8.0,0.0,16.4,14.8,14.6,C
107,1.0,17.0,4,4.0,11.0,6.0,8.0,9.5,11.2,7.6,8.8,A
108,1.0,16.0,4,4.0,11.0,2.0,6.0,2.0,18.4,15.6,14.2,A
109,0.0,17.0,4,4.0,11.0,1.0,4.0,9.5,6.0,6.6,6.6,A
110,1.0,17.0,4,3.0,11.0,2.0,8.0,4.5,15.8,17.6,17.2,A
111,0.0,14.5,3,3.0,11.0,0.0,8.0,5.0,8.2,10.4,9.4,C
112,0.0,17.0,3,2.0,11.0,0.0,8.0,0.0,12.6,16.4,14.2,A
113,1.0,17.0,2,3.0,7.0,6.0,8.0,9.5,8.6,6.8,6.6,A
114,0.0,17.0,4,3.0,11.0,2.0,8.0,2.0,15.4,15.2,14.8,A
115,1.0,14.5,4,4.0,2.0,2.0,4.0,3.0,15.2,15.8,15.2,C
116,1.0,16.0,3,4.0,5.0,1.0,5.0,1.0,9.8,12.2,12.6,A
117,1.0,18.0,2,2.0,8.0,1.0,8.0,8.0,11.8,11.4,11.0,A
118,1.0,16.0,2,2.0,11.0,2.0,4.0,0.0,11.8,14.0,11.6,A
119,0.0,16.0,4,4.0,3.0,2.0,4.0,3.0,15.2,18.0,17.4,A
120,0.0,16.0,4,4.0,11.0,2.0,8.0,9.5,11.0,14.2,14.2,A
121,1.0,17.0,2,2.0,11.0,2.0,4.0,3.0,15.6,17.4,17.8,A
122,1.0,17.0,2,2.0,2.0,2.0,4.0,3.0,10.2,10.6,12.4,A
123,0.0,17.0,4,3.0,10.0,2.0,8.0,5.0,8.2,8.6,9.0,A
124,0.0,14.5,3,3.0,11.0,5.0,8.0,8.0,14.8,15.6,17.2,C
125,0.0,16.0,4,3.0,11.0,2.0,4.0,3.0,12.4,10.8,11.6,A
126,0.0,17.0,4,2.0,11.0,1.0,4.0,1.0,15.4,14.2,12.8,A
127,0.0,14.5,4,4.0,11.0,0.0,8.0,9.5,9.0,10.4,9.0,C
128,0.0,16.0,2,2.0,11.0,2.0,4.0,3.0,20.0,16.8,17.4,A
129,0.0,17.0,4,2.0,10.0,5.0,8.0,9.5,16.6,19.0,20.0,A
130,1.0,15.0,4,2.0,5.0,1.0,8.0,2.0,15.4,15.0,16.4,A
131,0.0,17.0,4,4.0,5.0,2.0,4.0,3.0,13.2,14.0,12.8,A
132,1.0,16.0,3,3.0,10.0,0.0,8.0,9.5,13.0,12.6,11.4,A
133,1.0,14.5,2,1.0,11.0,2.0,8.0,9.5,12.4,11.0,11.2,C
134,1.0,15.0,4,3.0,11.0,2.0,8.0,5.0,11.0,10.8,10.8,A
135,1.0,17.0,4,4.0,8.0,2.0,8.0,6.0,14.6,15.6,13.8,A
136,0.0,17.0,1,2.0,11.0,3.0,8.0,4.0,14.6,16.2,15.2,A
137,1.0,18.5,4,2.0,11.0,3.0,5.0,7.0,9.6,13.2,13.6,A
138,1.0,14.5,4,4.0,11.0,2.0,4.0,3.0,10.4,8.8,9.8,C
139,1.0,17.0,1,1.0,10.0,5.0,8.0,4.0,12.0,14.4,12.8,A
140,0.0,18.0,1,2.0,1.0,0.0,8.0,0.0,13.6,12.6,11.4,A
141,1.0,16.0,4,3.0,11.0,1.0,8.0,1.0,13.0,15.4,16.6,A
142,1.0,17.0,4,3.0,11.0,0.0,8.0,9.5,17.2,16.6,17.4,A
143,1.0,16.0,4,3.0,10.0,4.0,8.0,9.5,11.0,12.4,12.0,A
144,1.0,14.5,4,4.0,7.0,1.0,8.0,2.0,16.0,14.2,13.6,C
145,1.0,14.5,3,1.0,11.0,2.0,8.0,9.5,10.2,11.4,11.4,C
146,1.0,18.0,2,2.0,6.0,2.0,8.0,5.0,12.6,12.2,13.2,A
147,0.0,14.5,3,1.0,10.0,1.0,0.0,0.0,12.0,11.0,9.2,B
148,1.0,16.0,3,1.0,11.0,2.0,4.0,3.0,20.0,20.0,20.0,A
149,1.0,17.0,4,2.0,11.0,1.0,8.0,9.5,9.2,8.8,8.8,A
150,1.0,16.0,1,1.0,2.0,2.0,4.0,3.0,13.4,15.6,16.0,A
151,1.0,15.0,3,1.0,10.0,2.0,8.0,8.0,10.8,13.4,11.8,B
152,0.0,14.5,3,3.0,11.0,4.0,8.0,9.5,12.6,15.8,15.2,B
153,0.0,16.0,4,3.0,11.0,1.0,8.0,3.0,13.6,13.2,14.6,A
154,0.0,17.0,4,0.0,11.0,4.0,8.0,7.0,10.8,12.6,11.6,D
155,0.0,17.0,2,2.0,10.0,1.0,2.0,6.0,8.6,8.8,9.4,A
156,1.0,17.0,2,1.0,10.0,3.0,8.0,9.5,12.8,12.8,11.8,A
157,0.0,17.0,3,4.0,11.0,1.0,8.0,9.5,18.4,17.4,17.4,A
158,1.0,17.0,2,3.0,11.0,0.0,8.0,0.0,16.4,19.0,18.6,A
159,1.0,18.5,2,3.0,5.0,3.0,8.0,2.0,16.8,15.6,15.8,A
160,0.0,17.0,3,2.0,5.0,2.0,4.0,9.5,16.8,19.6,19.4,A
161,0.0,14.5,2,2.0,11.0,0.0,8.0,0.0,13.0,12.6,13.0,D
162,1.0,17.0,1,1.0,10.0,0.0,1.0,1.0,16.6,18.4,18.2,A
163,0.0,16.0,4,4.0,11.0,1.0,7.0,2.0,14.0,15.0,15.0,A
164,0.0,17.0,2,2.0,11.0,0.0,8.0,9.5,13.2,14.4,14.0,A
165,0.0,17.0,4,2.0,11.0,2.0,4.0,3.0,14.2,17.4,18.4,A
166,0.0,14.5,2,2.0,8.0,3.0,7.0,9.5,13.2,12.8,11.6,C
167,1.0,17.0,4,4.0,11.0,5.0,8.0,0.0,11.4,12.8,13.6,A
168,1.0,14.5,3,3.0,11.0,2.0,8.0,2.0,17.2,18.0,18.6,C
169,1.0,14.5,4,3.0,2.0,2.0,8.0,1.0,16.0,17.0,16.6,B
170,0.0,17.0,3,1.0,11.0,0.0,8.0,0.0,12.4,12.0,11.8,A
171,0.0,18.0,4,2.0,10.0,1.0,8.0,9.5,14.2,14.2,15.2,A
172,1.0,16.0,2,2.0,11.0,1.0,8.0,1.0,11.4,13.2,14.2,A
173,0.0,18.0,1,1.0,10.0,2.0,8.0,9.5,13.8,12.8,12.4,A
174,0.0,14.5,4,3.0,11.0,0.0,8.0,9.5,16.6,14.8,14.4,C
175,1.0,16.0,2,1.0,10.0,3.0,8.0,0.0,10.0,11.2,12.0,A
176,1.0,18.0,4,4.0,11.0,6.0,8.0,3.0,11.0,11.2,11.2,D
177,1.0,18.0,4,3.0,11.0,1.0,3.0,1.0,11.0,10.6,10.2,A
178,0.0,17.0,4,4.0,11.0,5.0,8.0,4.0,16.6,18.6,19.0,A
179,1.0,14.5,4,4.0,10.0,1.0,8.0,9.5,17.8,17.4,17.2,B
180,1.0,14.5,4,4.0,3.0,2.0,4.0,3.0,10.2,12.4,12.8,B
181,0.0,17.0,3,2.0,11.0,6.0,7.0,5.0,9.6,10.4,9.8,A
182,0.0,18.0,3,4.0,10.0,2.0,8.0,9.5,16.8,19.0,17.8,A
183,0.0,17.0,3,3.0,3.0,2.0,4.0,3.0,13.8,16.6,15.2,A
184,1.0,17.0,2,2.0,11.0,5.0,8.0,2.0,15.0,17.0,17.4,A
185,0.0,14.5,3,3.0,11.0,2.0,4.0,3.0,18.2,20.0,19.8,B
186,1.0,14.5,4,4.0,11.0,2.0,4.0,3.0,15.2,15.4,13.4,C
187,1.0,14.5,4,4.0,11.0,6.0,8.0,4.0,12.6,12.2,11.8,C
188,1.0,14.5,4,4.0,4.0,1.0,8.0,6.0,14.6,13.0,12.8,C
189,0.0,17.0,3,3.0,11.0,2.0,7.0,9.5,10.4,12.6,10.6,A
190,1.0,18.0,2,2.0,6.0,2.0,8.0,0.0,11.6,11.4,10.6,A
191,1.0,16.0,4,2.0,3.0,0.0,2.0,5.0,6.6,10.2,10.2,A
192,0.0,17.0,2,1.0,2.0,2.0,4.0,3.0,13.6,12.4,12.2,A
193,1.0,14.5,4,4.0,11.0,2.0,4.0,3.0,15.4,18.2,17.8,B
194,0.0,18.0,4,4.0,0.0,2.0,8.0,9.5,12.8,12.8,13.2,A
195,1.0,18.0,3,3.0,10.0,2.0,8.0,2.0,7.8,9.8,9.6,A
196,0.0,17.0,1,3.0,10.0,2.0,4.0,3.0,10.0,9.2,9.6,A
197,0.0,14.5,3,4.0,10.0,6.0,8.0,0.0,10.6,11.4,10.2,C
198,1.0,16.0,1,2.0,11.0,2.0,4.0,3.0,10.8,12.4,14.0,A
199,1.0,14.5,2,2.0,11.0,6.0,8.0,1.0,14.8,12.6,13.0,C
200,1.0,14.5,2,4.0,9.0,1.0,6.0,5.0,10.0,12.6,13.0,B
201,0.0,18.0,4,4.0,10.0,1.0,8.0,1.0,11.0,10.8,9.4,A
202,1.0,14.5,2,2.0,11.0,3.0,8.0,6.0,15.4,12.8,14.0,C
203,0.0,17.0,3,4.0,11.0,2.0,8.0,1.0,9.8,12.8,13.4,A
204,0.0,15.0,3,4.0,11.0,3.0,4.0,3.0,13.2,16.6,16.4,A
205,0.0,16.0,0,1.0,10.0,3.0,8.0,9.5,15.4,14.8,15.0,A
206,0.0,15.0,2,2.0,3.0,3.0,8.0,9.5,14.8,15.6,16.8,B
207,0.0,14.5,4,4.0,5.0,1.0,8.0,9.5,17.0,15.6,16.2,C
208,0.0,14.5,3,4.0,11.0,3.0,4.0,5.0,15.4,17.2,16.8,C
209,0.0,16.0,1,1.0,11.0,6.0,8.0,9.5,12.8,12.4,13.2,A
210,1.0,17.0,2,2.0,5.0,3.0,8.0,0.0,12.2,13.8,13.6,A
211,0.0,17.0,3,4.0,11.0,3.0,8.0,0.0,19.4,17.6,17.0,A
212,0.0,18.0,3,4.0,10.0,1.0,4.0,8.0,13.2,15.0,14.0,A
213,1.0,17.0,4,4.0,7.0,6.0,8.0,9.5,12.4,13.2,12.8,A
214,0.0,17.0,3,4.0,6.0,1.0,0.0,9.5,12.8,16.0,15.4,A
215,0.0,16.0,3,3.0,11.0,6.0,8.0,0.0,11.0,11.4,12.0,A
216,0.0,15.0,1,1.0,11.0,1.0,8.0,0.0,10.6,14.4,13.2,A
217,0.0,17.0,4,4.0,11.0,6.0,8.0,9.5,14.2,16.2,15.4,A
218,1.0,16.0,4,3.0,10.0,6.0,8.0,9.5,13.2,11.8,13.6,A
219,1.0,17.0,2,2.0,11.0,2.0,4.0,3.0,13.6,12.2,12.4,A
220,1.0,17.0,4,4.0,10.0,6.0,8.0,9.5,17.8,18.0,16.6,A
221,1.0,17.0,1,1.0,7.0,6.0,3.0,9.5,13.0,13.8,14.8,A
222,0.0,18.0,2,1.0,11.0,6.0,8.0,9.5,8.6,9.6,8.8,A
223,1.0,16.0,1,1.0,4.0,2.5,8.0,0.0,15.8,15.4,16.6,A
224,1.0,17.0,3,2.0,5.0,2.0,4.0,1.0,19.8,18.8,19.4,A
225,1.0,17.0,1,2.0,11.0,5.0,8.0,0.0,16.4,13.8,14.4,A
226,1.0,17.0,4,4.0,11.0,5.0,8.0,9.5,7.0,7.2,7.8,A
227,0.0,17.0,2,1.0,7.0,1.0,7.0,3.0,12.2,14.2,14.6,A
228,1.0,16.0,1,1.0,2.0,5.0,5.0,2.0,15.2,16.0,16.2,A
229,0.0,14.5,2,1.0,11.0,3.0,8.0,9.5,18.8,16.6,16.4,B
230,1.0,18.0,4,4.0,11.0,0.0,7.0,7.0,15.0,18.0,15.6,A
231,1.0,17.0,1,1.0,10.0,0.0,7.0,1.0,16.2,15.0,14.0,A
232,0.0,17.0,1,1.0,11.0,1.0,8.0,8.0,7.0,8.8,6.6,A
233,1.0,17.0,4,2.0,10.0,2.0,8.0,8.0,15.2,14.8,14.4,A
234,1.0,14.5,3,3.0,7.0,3.0,8.0,5.0,11.6,15.8,16.4,C
235,0.0,17.0,4,3.0,8.0,0.0,8.0,5.0,20.0,18.2,18.0,A
236,0.0,17.0,2,2.0,3.0,5.0,1.0,9.5,10.6,13.6,12.8,A
237,0.0,14.5,4,4.0,11.0,1.0,4.0,9.5,16.4,19.0,19.2,B
238,1.0,14.5,3,2.0,11.0,5.0,8.0,1.0,15.2,12.4,12.8,C
239,1.0,15.0,3,4.0,10.0,1.0,2.0,1.0,16.6,15.0,15.0,B
240,1.0,16.0,4,4.0,11.0,3.0,8.0,2.0,14.4,16.8,16.4,A
241,0.0,17.0,2,1.0,10.0,1.0,8.0,9.0,15.2,15.2,16.6,A
242,0.0,14.5,4,4.0,5.0,2.0,7.0,8.0,13.2,12.8,11.6,C
243,0.0,17.0,4,3.0,11.0,3.0,7.0,9.5,12.6,13.0,12.6,A
244,0.0,14.5,2,2.0,2.0,6.0,8.0,9.5,7.2,6.8,5.6,C
245,1.0,17.0,4,4.0,11.0,5.0,8.0,9.5,13.6,14.8,14.2,A
246,1.0,14.5,4,4.0,11.0,3.0,8.0,0.0,8.0,10.4,8.4,B
247,0.0,14.5,3,3.0,11.0,5.0,8.0,9.5,13.6,14.2,12.2,B
248,1.0,14.5,3,2.0,11.0,6.0,8.0,9.5,11.2,10.8,10.4,C
249,1.0,14.5,4,3.0,10.0,1.0,7.0,4.0,14.8,16.6,16.0,B
250,1.0,17.0,4,3.0,2.0,2.0,7.0,6.0,10.6,14.0,14.2,A
251,0.0,17.0,4,4.0,11.0,3.0,8.0,9.5,17.6,13.0,14.0,A
252,1.0,18.0,4,2.0,11.0,2.0,7.0,2.0,13.4,12.6,12.2,A
253,1.0,17.0,2,2.0,10.0,1.0,4.0,1.0,12.0,15.2,13.0,A
254,1.0,17.0,2,4.0,11.0,4.0,8.0,9.5,10.2,12.2,10.8,A
255,0.0,17.0,1,1.0,11.0,5.0,7.0,9.5,10.6,13.2,11.8,A
256,0.0,17.0,4,2.0,11.0,2.0,4.0,3.0,16.0,15.6,14.8,A
257,1.0,18.0,4,3.0,11.0,6.0,8.0,1.0,13.8,14.2,13.4,A
258,0.0,14.5,2,1.0,11.0,3.0,8.0,9.5,12.8,15.8,14.0,C
259,1.0,18.0,2,2.0,6.0,2.0,8.0,0.0,16.0,17.4,17.8,A
260,1.0,14.5,4,3.0,11.0,3.0,8.0,9.5,11.6,14.4,12.4,C
261,0.0,17.0,4,3.0,11.0,3.0,8.0,0.0,7.8,9.2,10.0,A
262,1.0,14.5,3,2.0,11.0,3.0,8.0,7.0,12.8,11.2,10.0,C
263,0.0,16.0,3,3.0,11.0,0.0,8.0,1.0,12.2,13.2,12.6,A
264,1.0,17.0,2,2.0,5.0,2.0,4.0,3.0,18.0,16.4,17.6,A
265,0.0,18.0,3,4.0,11.0,5.0,8.0,9.5,14.6,14.2,12.8,A
266,1.0,14.5,3,1.0,11.0,1.0,8.0,0.0,14.6,14.6,14.0,C
267,0.0,17.0,4,4.0,10.0,3.0,5.0,1.0,13.4,15.2,15.4,A
268,1.0,17.0,4,2.0,5.0,6.0,3.0,0.0,11.4,11.6,12.4,A
269,1.0,14.5,2,1.0,11.0,2.0,7.0,4.0,13.0,14.6,14.4,C
270,0.0,16.0,3,3.0,7.0,0.0,8.0,0.0,14.2,14.4,14.2,A
271,0.0,17.0,2,3.0,2.0,2.0,4.0,3.0,11.8,13.8,14.4,A
272,1.0,18.0,1,1.0,1.0,2.0,8.0,9.5,14.8,14.2,13.0,A
273,0.0,14.5,1,2.0,7.0,1.0,8.0,1.0,18.6,20.0,18.6,C
274,1.0,16.0,2,4.0,10.0,4.0,8.0,3.0,17.0,18.6,18.4,A
275,0.0,16.0,2,2.0,11.0,2.0,4.0,3.0,15.2,16.6,15.8,A
276,1.0,18.0,3,2.0,11.0,2.0,4.0,3.0,11.6,14.4,14.0,A
277,1.0,14.5,4,4.0,10.0,1.0,4.5,2.0,14.4,15.4,15.4,B
278,1.0,17.0,4,4.0,11.0,6.0,5.0,4.0,8.0,9.8,9.4,A
279,1.0,14.5,4,3.0,11.0,1.0,2.0,7.0,15.0,14.6,13.2,C
280,1.0,17.0,4,1.0,11.0,4.0,4.0,3.0,17.0,16.2,16.0,A
281,1.0,17.0,3,2.0,11.0,3.0,8.0,9.5,20.0,20.0,20.0,A
282,0.0,14.5,1,1.0,5.0,1.0,6.0,6.0,10.6,13.0,13.2,C
283,0.0,17.0,1,1.0,8.0,2.0,8.0,3.0,8.0,8.4,7.8,A
284,1.0,18.0,2,2.0,10.0,1.0,8.0,9.5,9.8,9.8,9.8,A
285,0.0,17.0,1,1.0,7.0,2.0,8.0,9.5,15.4,16.0,16.0,A
286,0.0,17.0,2,2.0,11.0,0.0,8.0,0.0,16.4,17.8,16.8,A
287,0.0,15.0,1,1.0,11.0,1.0,8.0,4.0,11.0,9.6,8.4,B
288,1.0,17.0,2,1.0,9.0,2.0,8.0,2.0,12.4,14.2,15.4,A
289,1.0,17.0,4,4.0,7.0,1.0,8.0,3.0,13.8,12.6,11.8,A
290,0.0,18.0,4,2.0,11.0,3.0,8.0,2.0,15.6,14.8,15.2,A
291,1.0,14.5,4,3.0,11.0,6.0,8.0,9.5,14.2,15.4,16.4,C
292,1.0,15.0,2,1.0,0.0,0.0,1.0,2.0,11.8,14.2,13.2,A
293,0.0,18.0,3,1.0,10.0,2.0,4.0,3.0,12.0,15.0,14.0,A
294,1.0,17.0,3,2.0,5.0,2.0,4.5,5.0,8.6,12.0,12.0,A
295,1.0,17.0,3,3.0,10.0,3.0,8.0,8.0,15.4,16.6,17.2,A
296,0.0,14.5,4,4.0,5.0,1.0,8.0,0.0,10.0,9.4,9.2,D
297,1.0,17.0,4,3.0,7.0,5.0,8.0,2.0,11.2,11.6,10.4,A
298,1.0,17.0,4,3.0,5.0,2.0,4.0,3.0,13.8,11.6,10.0,A
299,1.0,17.0,4,4.0,4.0,1.0,8.0,0.0,9.4,8.6,7.8,A
300,0.0,17.0,4,4.0,11.0,5.0,8.0,1.0,8.6,5.6,4.8,A
301,1.0,14.5,4,4.0,10.0,2.0,4.0,3.0,9.6,7.8,8.0,C
302,0.0,17.0,4,2.0,10.0,2.0,8.0,9.0,11.0,12.4,9.8,A
303,0.0,18.5,3,2.0,11.0,6.0,8.0,1.0,14.6,13.6,13.2,C
304,1.0,17.0,3,3.0,11.0,2.0,8.0,0.0,14.2,12.6,13.2,A
305,0.0,14.5,2,4.0,11.0,3.0,8.0,9.5,10.8,11.4,12.0,B
306,0.0,14.5,3,2.0,8.0,6.0,8.0,9.5,13.2,12.2,12.6,B
307,1.0,17.0,4,4.0,11.0,6.0,8.0,3.0,12.6,12.6,13.4,A
308,1.0,17.0,3,3.0,11.0,1.0,8.0,9.5,13.2,16.2,14.6,A
309,1.0,16.0,1,1.0,10.0,3.0,8.0,2.0,15.8,16.0,15.0,A
310,0.0,18.0,1,2.0,7.0,2.0,8.0,9.5,14.6,13.8,14.0,A
311,0.0,14.5,2,1.0,2.0,6.0,8.0,8.0,7.2,11.4,10.6,C
312,1.0,17.0,1,2.0,11.0,2.0,4.0,3.0,10.0,9.6,8.6,A
313,1.0,18.0,3,2.0,11.0,2.0,4.0,1.0,17.4,15.6,16.0,A
314,1.0,16.0,1,1.0,11.0,6.0,8.0,3.0,14.2,13.6,12.6,A
315,0.0,16.0,2,3.0,11.0,2.0,4.0,3.0,17.0,17.4,18.8,A
316,0.0,17.0,2,1.0,3.0,2.0,4.0,3.0,11.6,13.4,12.8,A
317,0.0,14.5,4,3.0,11.0,2.0,8.0,9.5,17.2,16.6,16.2,D
318,1.0,18.5,3,4.0,2.0,2.0,4.0,3.0,12.8,17.2,17.8,C
319,1.0,14.5,4,4.0,11.0,1.0,8.0,2.0,16.6,17.0,15.8,C
320,1.0,14.5,4,3.0,11.0,5.0,8.0,9.5,11.6,11.2,9.8,C
321,0.0,17.0,2,2.0,2.0,2.0,4.0,3.0,11.8,16.6,16.2,C
322,0.0,18.0,2,2.0,11.0,2.0,4.0,3.0,8.0,11.6,10.8,A
323,1.0,17.0,3,1.0,10.0,2.0,6.0,0.0,16.4,16.6,17.0,A
324,1.0,17.0,0,2.0,10.0,1.0,8.0,6.0,17.4,16.8,16.0,A
325,1.0,16.0,4,4.0,11.0,5.0,8.0,0.0,12.4,13.0,12.8,A
326,1.0,17.0,3,3.0,11.0,3.0,8.0,4.0,15.2,16.0,15.6,A
327,0.0,15.0,2,2.0,7.0,1.0,8.0,4.0,12.6,13.8,12.0,B
328,1.0,15.0,4,4.0,10.0,2.0,8.0,0.0,11.6,12.0,11.8,B
329,1.0,18.0,4,4.0,5.0,3.0,6.0,5.0,12.2,12.6,13.0,A
330,0.0,17.0,2,2.0,2.0,2.0,4.0,3.0,15.6,13.8,14.2,A
331,0.0,17.0,2,4.0,2.0,0.0,8.0,5.0,15.6,18.0,16.2,A
332,1.0,17.0,3,3.0,11.0,1.0,8.0,5.0,11.2,10.8,8.6,A
333,0.0,18.5,2,2.0,5.0,0.0,8.0,2.0,19.2,16.6,16.4,A
334,0.0,17.0,2,2.0,10.0,3.0,8.0,5.0,9.6,8.6,8.0,A
335,1.0,17.0,3,4.0,11.0,2.0,8.0,5.0,14.0,15.2,14.4,A
336,0.0,16.0,3,1.0,5.0,0.0,8.0,9.5,8.6,13.6,11.6,A
337,0.0,14.5,3,2.0,3.0,0.0,8.0,9.5,9.0,9.2,9.8,C
338,1.0,17.0,3,3.0,7.0,0.0,8.0,9.5,11.6,13.6,12.4,A
339,1.0,17.0,3,2.0,11.0,6.0,8.0,0.0,14.0,14.6,16.0,A
340,1.0,17.0,2,1.0,10.0,2.0,6.0,7.0,12.0,12.2,11.6,A
341,1.0,17.0,4,4.0,6.0,3.0,8.0,2.0,10.4,10.6,9.4,A
342,0.0,15.0,3,4.0,3.0,4.0,3.0,4.0,12.2,12.4,10.8,A
343,0.0,17.0,2,2.0,8.0,1.0,8.0,2.0,11.0,14.0,12.2,A
344,0.0,17.0,2,3.0,7.0,5.0,8.0,9.5,16.0,16.0,15.8,A
345,0.0,17.0,3,2.0,11.0,6.0,8.0,9.5,12.6,12.0,10.8,A
346,1.0,16.0,4,3.0,11.0,0.0,8.0,3.0,15.8,15.8,17.4,A
347,0.0,17.0,4,3.0,2.0,2.0,4.0,3.0,14.8,15.6,14.4,A
348,0.0,18.0,4,3.0,11.0,0.0,8.0,9.5,9.2,11.6,12.8,A
349,0.0,16.0,3,2.0,11.0,2.0,4.0,3.0,14.4,17.6,18.4,A
350,0.0,17.0,1,1.0,10.0,6.0,8.0,9.5,11.6,12.8,12.8,A
351,0.0,14.5,3,3.0,5.0,2.0,4.0,3.0,9.4,10.0,9.4,B
352,1.0,17.0,1,3.0,9.0,3.0,8.0,3.0,13.6,15.6,16.8,A
353,0.0,16.0,1,1.0,11.0,0.0,8.0,6.0,13.6,14.2,13.4,A
354,0.0,14.5,4,3.0,7.0,2.0,8.0,3.0,13.0,15.0,13.6,B
355,1.0,15.0,3,3.0,11.0,2.0,8.0,8.0,10.0,10.8,10.2,B
356,0.0,17.0,4,4.0,5.0,3.0,6.0,1.0,9.6,14.2,13.6,A
357,0.0,15.0,3,1.0,11.0,2.0,4.0,3.0,11.6,12.0,12.8,A
358,1.0,14.5,1,1.0,5.0,6.0,8.0,9.5,14.2,14.8,13.6,C
359,1.0,17.0,3,2.0,10.0,5.0,8.0,5.0,11.6,10.4,9.6,A
360,1.0,17.0,1,1.0,10.0,2.0,2.0,0.5,13.2,18.0,16.6,A
361,1.0,17.0,4,4.0,11.0,1.5,8.0,9.5,8.8,10.6,8.6,A
362,1.0,17.0,1,1.0,11.0,6.0,8.0,0.0,10.2,12.6,13.2,A
363,0.0,16.0,1,1.0,4.0,2.0,4.0,3.0,15.6,16.6,15.4,A
364,0.0,14.5,4,2.0,11.0,6.0,8.0,9.5,14.4,14.2,13.0,B
365,0.0,17.0,3,3.0,11.0,0.0,8.0,9.5,12.0,12.8,13.4,A
366,1.0,17.0,4,3.0,7.0,2.0,4.0,9.5,11.0,12.2,12.0,A
367,0.0,17.0,2,2.0,11.0,3.0,8.0,5.0,12.8,13.4,12.8,A
368,0.0,17.0,4,4.0,10.0,6.0,8.0,5.0,11.4,12.8,12.0,A
369,1.0,17.0,3,2.0,3.0,1.0,8.0,9.5,14.0,15.0,14.8,A
370,0.0,17.0,3,4.0,6.0,2.0,8.0,9.5,16.8,14.4,15.2,A
371,0.0,15.0,4,4.0,5.0,2.0,4.0,9.5,13.2,14.2,15.2,A
372,1.0,14.5,2,1.0,2.0,2.0,4.0,3.0,11.2,13.0,14.6,C
373,0.0,18.0,4,4.0,10.0,3.0,8.0,4.0,11.8,10.6,11.2,A
374,0.0,17.0,4,3.0,11.0,2.0,4.0,3.0,17.4,17.8,16.8,A
375,0.0,17.0,2,2.0,11.0,3.0,8.0,9.5,14.6,15.0,12.8,A
376,0.0,17.0,4,4.0,5.0,6.0,8.0,9.5,17.0,18.2,17.8,A
377,1.0,14.5,4,4.0,11.0,3.0,8.0,5.0,9.8,10.8,8.4,B
378,0.0,17.0,3,3.0,10.0,2.0,8.0,3.0,16.4,17.4,18.0,A
379,0.0,14.5,3,2.0,11.0,1.0,8.0,9.5,16.0,18.0,18.0,A
380,1.0,17.0,4,3.0,11.0,2.0,4.0,3.0,9.6,10.2,8.6,A
381,0.0,17.0,4,3.0,11.0,6.0,8.0,9.5,17.0,16.6,18.8,A
382,0.0,18.0,4,4.0,7.0,1.0,8.0,9.5,14.0,15.6,15.2,A
383,0.0,17.0,4,2.0,3.0,5.0,8.0,9.5,17.8,16.8,16.2,A
384,0.0,18.0,2,2.0,11.0,0.0,8.0,2.0,14.4,17.2,15.8,A
385,1.0,16.0,2,4.0,10.0,6.0,8.0,9.5,16.0,17.2,17.4,A
386,0.0,14.5,2,2.0,2.0,5.0,1.0,8.0,8.6,11.4,10.0,C
387,0.0,17.0,2,2.0,10.0,5.0,8.0,9.5,10.8,12.2,12.2,A
388,1.0,18.0,4,2.0,11.0,3.0,8.0,3.0,16.4,16.4,15.6,A
389,0.0,18.5,3,4.0,2.0,2.0,6.0,2.0,14.8,16.0,15.6,A
390,0.0,14.5,4,4.0,8.0,3.0,8.0,9.5,12.6,12.4,12.8,D
391,1.0,14.5,4,4.0,5.0,2.0,8.0,1.0,9.4,11.2,10.2,C
392,0.0,16.0,4,4.0,2.0,2.0,4.0,3.0,4.0,5.8,4.6,A
393,0.0,17.0,4,3.0,11.0,2.0,5.0,6.0,13.4,11.6,11.2,A
394,0.0,18.0,3,3.0,2.0,0.0,8.0,6.0,11.4,11.8,10.8,A
395,1.0,17.0,3,2.0,5.0,5.0,8.0,0.0,12.8,15.6,16.6,A
396,1.0,14.5,2,3.0,3.0,2.0,4.0,9.5,17.0,20.0,20.0,D
397,0.0,16.0,4,3.0,10.0,6.0,8.0,6.0,14.0,16.0,17.2,A
398,0.0,17.0,4,4.0,11.0,2.0,4.0,3.0,18.0,14.6,16.6,A
399,0.0,15.0,3,4.0,11.0,2.0,4.0,3.0,10.6,14.0,13.8,B
400,1.0,18.0,2,2.0,11.0,6.0,8.0,2.0,14.8,14.6,15.0,A
401,1.0,17.0,2,2.0,11.0,5.0,8.0,5.0,12.2,14.2,13.4,A
402,1.0,17.0,4,4.0,5.0,4.0,4.0,0.0,11.0,14.8,14.6,A
403,0.0,18.5,4,4.0,7.0,0.0,8.0,1.0,13.0,12.6,13.2,A
404,1.0,17.0,2,2.0,11.0,6.0,8.0,9.5,15.4,15.4,15.8,A
405,1.0,17.0,2,2.0,11.0,6.0,8.0,4.0,14.8,12.2,11.2,A
406,0.0,17.0,4,3.0,7.0,1.0,8.0,0.0,18.8,18.4,17.0,A
407,1.0,17.0,3,3.0,11.0,3.0,8.0,5.0,10.8,12.8,13.6,A
408,1.0,17.0,4,3.0,5.0,5.0,8.0,2.0,10.4,9.8,8.6,A
409,1.0,14.5,4,2.0,10.0,1.0,8.0,5.0,14.6,15.0,14.2,D
410,0.0,17.0,4,4.0,5.0,3.0,8.0,9.5,16.2,14.4,11.6,A
411,0.0,17.0,2,2.0,11.0,1.0,8.0,0.0,12.4,15.0,14.4,A
412,0.0,14.5,4,2.0,4.0,1.0,8.0,4.0,11.0,12.0,12.2,C
413,0.0,15.0,4,2.0,11.0,1.0,8.0,9.0,11.0,12.2,12.2,B
414,1.0,17.0,4,4.0,11.0,4.0,8.0,9.5,12.2,12.4,12.2,A
415,1.0,15.0,3,3.0,11.0,6.0,8.0,0.0,15.0,14.0,12.8,B
416,1.0,14.5,2,1.0,11.0,3.0,8.0,7.0,15.8,13.0,11.8,B
417,0.0,17.0,4,3.0,11.0,6.0,5.0,1.0,14.0,14.0,13.6,A
418,0.0,14.5,4,4.0,11.0,6.0,8.0,9.5,14.4,13.0,11.8,D
419,0.0,14.5,1,2.0,11.0,0.0,8.0,2.0,7.6,9.2,6.6,B
420,1.0,17.0,4,2.0,5.0,5.0,8.0,2.0,11.4,14.2,12.6,A
421,1.0,14.5,4,4.0,11.0,2.0,7.0,7.0,15.2,14.2,14.0,B
422,1.0,16.0,1,1.0,11.0,4.0,8.0,3.0,9.0,9.0,7.6,A
423,0.0,17.0,1,2.0,8.0,6.0,8.0,8.0,15.4,14.6,14.8,A
424,0.0,16.0,4,3.0,2.0,2.0,4.0,3.0,8.0,7.8,6.0,A
425,0.0,18.0,4,3.0,9.0,1.0,5.0,9.5,15.6,16.6,15.6,A
426,0.0,17.0,4,3.0,11.0,2.0,8.0,4.0,12.6,13.0,13.2,A
427,1.0,17.0,4,4.0,11.0,2.0,4.0,3.0,16.6,14.0,14.6,A
428,0.0,17.0,3,1.0,3.0,0.0,8.0,8.0,11.0,10.4,9.4,A
429,0.0,15.0,2,2.0,2.0,2.0,4.0,3.0,17.6,15.6,15.2,B
430,1.0,17.0,3,1.0,5.0,4.0,5.0,5.0,16.4,16.6,17.0,A
431,1.0,16.0,3,1.0,11.0,2.0,4.0,3.0,17.2,14.2,14.2,A
432,1.0,14.5,4,2.0,7.0,2.0,4.0,6.0,12.2,14.8,14.4,B
433,1.0,17.0,1,1.0,6.0,2.0,8.0,2.0,15.6,17.0,18.6,A
434,1.0,14.5,3,1.0,11.0,2.0,6.0,8.0,13.4,12.6,13.2,B
435,0.0,17.0,3,3.0,10.0,5.0,7.0,1.0,16.6,17.4,16.6,A
436,0.0,17.0,4,3.0,5.0,0.0,8.0,5.0,13.6,14.8,13.8,A
437,0.0,17.0,4,0.0,5.0,2.0,4.0,3.0,10.6,10.4,8.8,A
438,0.0,17.0,2,2.0,11.0,0.0,8.0,5.0,18.2,17.6,18.0,A
439,1.0,16.0,2,1.0,5.0,0.0,8.0,0.0,13.4,13.2,13.2,A
440,1.0,14.5,3,4.0,10.0,2.0,8.0,6.0,10.6,12.8,12.4,B
441,0.0,18.0,2,3.0,10.0,6.0,8.0,9.5,17.2,20.0,20.0,A
442,1.0,14.5,2,3.0,11.0,2.0,8.0,6.0,15.0,14.0,12.2,B
443,0.0,14.5,3,2.0,11.0,5.0,8.0,5.0,11.0,7.6,7.0,B
444,0.0,16.0,2,2.0,10.0,2.0,7.0,5.0,18.6,17.2,19.0,A
445,0.0,17.0,1,1.0,11.0,3.0,8.0,3.0,12.4,14.2,13.2,A
446,0.0,17.0,4,4.0,10.0,2.0,4.0,3.0,16.6,15.2,14.2,A
447,1.0,17.0,2,2.0,11.0,5.0,8.0,0.0,14.6,14.4,12.8,A
448,0.0,17.0,4,2.0,11.0,2.0,8.0,5.0,11.4,10.4,10.6,A
449,1.0,14.5,2,2.0,11.0,5.0,8.0,9.5,14.0,15.0,15.0,C
450,0.0,14.5,4,4.0,11.0,6.0,2.0,9.5,11.0,12.4,12.8,C
451,0.0,14.5,3,3.0,11.0,2.0,8.0,8.0,13.0,11.2,10.2,B
452,0.0,14.5,4,3.0,11.0,0.0,8.0,6.0,15.2,17.0,17.6,C
453,0.0,14.5,3,1.0,11.0,3.0,8.0,9.5,11.8,9.4,9.2,C
454,0.0,18.0,4,2.0,10.0,2.0,4.0,3.0,14.8,14.6,15.4,A
455,0.0,14.5,2,2.0,11.0,6.0,8.0,9.5,13.0,11.8,12.0,C
456,1.0,14.5,1,1.0,5.0,1.0,8.0,5.0,17.8,17.4,17.8,B
457,0.0,16.0,4,3.0,4.0,2.0,8.0,9.5,14.2,16.4,16.4,A
458,1.0,17.0,2,1.0,7.0,6.0,8.0,9.5,12.6,13.8,11.8,A
459,0.0,14.5,4,4.0,11.0,2.0,8.0,8.0,11.4,11.0,12.0,C
460,0.0,17.0,4,3.0,10.0,1.0,8.0,5.0,11.2,13.4,11.2,A
461,0.0,18.0,4,4.0,2.0,2.0,4.0,3.0,9.8,8.8,8.2,A
462,0.0,16.0,4,4.0,5.0,5.0,5.0,9.5,5.6,8.8,10.0,A
463,1.0,18.5,4,4.0,11.0,6.0,8.0,0.0,13.8,14.6,14.2,A
464,1.0,17.0,3,2.0,7.0,3.0,3.0,2.0,9.8,12.4,12.0,A
465,0.0,18.0,3,2.0,11.0,1.0,8.0,1.0,13.4,12.4,11.6,A
466,0.0,17.0,1,1.0,11.0,6.0,8.0,2.0,14.8,17.0,16.4,A
467,0.0,17.0,1,1.0,5.0,0.0,8.0,9.5,9.4,13.4,12.6,A
468,1.0,17.0,1,4.0,11.0,5.0,8.0,8.0,12.6,12.6,13.8,A
469,0.0,16.0,1,1.0,5.0,2.0,8.0,0.0,14.6,10.2,10.6,A
470,1.0,16.0,3,3.0,11.0,5.0,8.0,9.5,18.2,18.8,19.2,A
471,1.0,17.0,4,4.0,11.0,2.0,4.0,3.0,16.0,17.4,15.8,A
472,1.0,16.0,1,2.0,6.0,4.0,8.0,7.0,13.2,14.6,13.6,A
473,1.0,14.5,1,3.0,6.0,4.0,8.0,5.0,10.4,9.6,8.6,C
474,0.0,17.0,4,4.0,3.0,2.0,8.0,9.5,13.0,14.2,13.0,A
475,0.0,14.5,1,1.0,4.0,6.0,8.0,9.5,16.6,15.0,14.2,D
476,1.0,14.5,2,3.0,2.0,2.0,4.0,3.0,16.0,17.0,15.6,B
477,1.0,14.5,4,4.0,5.0,0.0,8.0,0.0,13.6,13.6,11.8,C
478,1.0,14.5,3,2.0,10.0,2.0,4.0,3.0,13.6,14.6,13.6,D
479,1.0,14.5,1,2.0,11.0,1.0,3.0,9.5,12.4,8.6,9.0,B
480,1.0,17.0,2,2.0,5.0,5.0,8.0,7.0,15.2,17.6,16.8,A
481,0.0,16.0,1,2.0,5.0,1.0,3.0,2.0,15.4,15.8,16.6,A
482,1.0,16.0,4,4.0,10.0,6.0,8.0,9.5,16.6,16.2,16.6,A
483,1.0,15.0,1,1.0,9.0,1.0,8.0,0.0,14.2,15.6,16.4,A
484,1.0,14.5,4,2.0,11.0,2.0,2.0,1.0,17.2,18.2,17.8,B
485,0.0,17.0,4,4.0,11.0,2.0,8.0,9.5,18.6,19.2,19.2,A
486,0.0,15.0,3,3.0,6.0,2.0,3.0,8.0,12.0,12.8,12.0,A
487,0.0,17.0,3,1.0,11.0,2.0,4.0,9.5,11.4,11.2,11.6,A
488,0.0,18.0,4,4.0,3.0,1.0,8.0,3.0,16.8,15.8,14.8,A
489,0.0,14.5,2,1.0,11.0,0.0,8.0,0.0,13.2,14.2,15.0,B
490,0.0,16.0,2,3.0,9.0,6.0,8.0,9.5,17.0,13.8,14.8,A
491,0.0,16.0,1,1.0,11.0,2.0,8.0,1.0,11.4,13.6,15.2,A
492,1.0,16.0,4,2.0,10.0,1.0,2.0,2.0,8.2,9.8,9.8,A
493,1.0,17.0,2,2.0,11.0,0.0,4.0,3.0,15.0,15.2,15.2,A
494,0.0,15.0,4,4.0,11.0,2.0,8.0,9.5,13.0,12.6,12.0,A
495,1.0,14.5,2,3.0,11.0,3.0,8.0,9.5,15.6,13.0,12.0,C
496,0.0,17.0,3,1.0,11.0,6.0,8.0,0.0,5.2,6.8,5.6,A
497,1.0,16.0,1,1.0,5.0,6.0,8.0,5.0,14.2,12.8,13.2,A
498,0.0,17.0,2,2.0,11.0,6.0,8.0,2.0,17.2,18.4,18.6,A
499,1.0,14.5,4,3.0,11.0,2.0,8.0,9.5,17.8,16.8,16.2,C
