,school,sex,age,address,famsize,Pstatus,Medu,Fedu,traveltime,studytime,failures,schoolsup,famsup,paid,activities,nursery,higher,internet,romantic,famrel,freetime,goout,Dalc,Walc,health,absences,G1,G2,G3,letter_grade,reason_course,reason_home,reason_other,reason_reputation,Mjob_at_home,Mjob_health,Mjob_other,Mjob_services,Mjob_teacher,Fjob_at_home,Fjob_health,Fjob_other,Fjob_services,Fjob_teacher,guardian_father,guardian_mother,guardian_other
0,0,0,18,1,0,0,4,4,2,2,0,1,0,0,0,1,1,0,0,4,3,4,1,1,3,6,5,6,6,C,1,0,0,0,1,0,0,0,0,0,0,0,0,1,0,1,0
1,0,0,17,1,0,1,1,1,1,2,0,0,1,0,0,0,1,1,0,5,3,3,1,1,3,4,5,5,6,C,1,0,0,0,1,0,0,0,0,0,0,1,0,0,1,0,0
2,0,0,15,1,1,1,1,1,1,2,0,1,0,1,0,1,1,1,0,4,3,2,2,3,3,10,7,8,10,B,0,0,1,0,1,0,0,0,0,0,0,1,0,0,0,1,0
3,0,0,15,1,0,1,4,2,1,3,0,0,1,1,1,1,1,1,1,3,2,2,1,1,5,2,15,14,15,A,0,1,0,0,0,1,0,0,0,0,0,0,1,0,0,1,0
4,0,0,16,1,0,1,3,3,1,2,0,0,1,1,0,1,1,0,0,4,3,2,1,2,5,4,6,10,10,B,0,1,0,0,0,0,1,0,0,0,0,1,0,0,1,0,0
5,0,1,16,1,1,1,4,3,1,2,0,0,1,1,1,1,1,1,0,5,4,2,1,2,5,10,15,15,15,A,0,0,0,1,0,0,0,1,0,0,0,1,0,0,0,1,0
6,0,1,16,1,1,1,2,2,1,2,0,0,0,0,0,1,1,1,0,4,4,4,1,1,3,0,12,12,11,B,0,1,0,0,0,0,1,0,0,0,0,1,0,0,0,1,0
7,0,0,17,1,0,0,4,4,2,2,0,1,1,0,0,1,1,0,0,4,1.5,4,1,1,1,6,6,5,6,C,0,1,0,0,0,0,1,0,0,0,0,0,0,1,0,1,0
8,0,1,15,1,1,0,3,2,1,2,0,0,1,1,0,1,1,1,0,4,2,2,1,1,1,0,16,18,19,A,0,1,0,0,0,0,0,1,0,0,0,1,0,0,0,1,0
9,0,1,15,1,0,1,3,4,1,2,0,0,1,1,1,1,1,1,0,5,5,1,1,1,5,0,14,15,15,A,0,1,0,0,0,0,1,0,0,0,0,1,0,0,0,1,0
10,0,0,15,1,0,1,4,4,1,2,0,0,1,1,0,1,1,1,0,3,3,3,1,2,2,0,10,8,9,C,0,0,0,1,0,0,0,0,1,0,1,0,0,0,0,1,0
11,0,0,15,1,0,1,2,1,3,3,0,0,1,0,1,1,1,1,0,5,2,2,1,1,4,4,10,12,12,B,0,0,0,1,0,0,0,1,0,0,0,1,0,0,1,0,0
12,0,1,15,1,1,1,4,4,1,1,0,0,1,1,1,1,1,1,0,4,3,3,1,3,5,2,14,14,14,B,1,0,0,0,0,1,0,0,0,0,0,0,1,0,1,0,0
13,0,1,15,1,0,1,4,3,2,2,0,0,1,1,0,1,1,1,0,5,4,3,1,2,3,2,10,10,11,B,1,0,0,0,0,0,0,0,1,0,0,1,0,0,0,1,0
14,0,1,15,1,0,0,2,2,1,3,0,0,1,0,0,1,1,1,1,4,5,2,1,1,3,0,14,16,16,A,0,1,0,0,0,0,1,0,0,0,0,1,0,0,0,0,1
15,0,0,16,1,0,1,4,4,1,1,0,0,1,0,0,1,1,1,0,4,4,4,1,2,2,4,14,14,14,B,0,1,0,0,0,1,0,0,0,0,0,1,0,0,0,1,0
16,0,0,16,1,0,1,4,4,1,3,0,0,1,1,1,1,1,1,0,3,2,3,1,2,2,6,13,14,14,B,0,0,0,1,0,0,0,1,0,0,0,0,1,0,0,1,0
17,0,0,16,1,0,1,3,3,3,2,0,1,1,0,1,1,1,0,0,5,3,2,1,1,4,4,8,10,10,B,0,0,0,1,0,0,1,0,0,0,0,1,0,0,0,1,0
18,0,1,17,1,0,1,3,2,1,1,0,0,1,0,1,1,1,1,0,5,5,5,2,4,5,16,6,5,5,C,1,0,0,0,0,0,0,1,0,0,0,0,1,0,0,1,0
19,0,1,16,1,1,1,4,3,1,1,0,0,0,1,1,1,1,1,0,3,1.5,3,1,3,5,4,8,10,10,B,0,1,0,0,0,1,0,0,0,0,0,1,0,0,1,0,0
20,0,1,15,1,0,1,4,3,1,2,0,0,0,0,0,1,1,1,0,4,4,1,1,1,1,0,13,14,15,A,0,0,0,1,0,0,0,0,1,0,0,1,0,0,0,1,0
21,0,1,15,1,0,1,4,4,1,1,0,0,1,1,0,1,1,1,0,5,4,2,1,1,5,0,12,15,15,A,0,0,1,0,0,1,0,0,0,0,1,0,0,0,1,0,0
22,0,1,16,1,1,1,4,2,1,2,0,0,0,0,1,1,1,1,0,4,5,1,1,3,5,2,15,15,16,A,1,0,0,0,0,0,0,0,1,0,0,1,0,0,0,1,0
23,0,1,16,1,1,1,2,2,2,2,0,0,1,0,1,1,1,1,0,5,4,4,2,4,5,0,13,13,12,B,0,0,0,1,0,0,1,0,0,0,0,1,0,0,0,1,0
24,0,0,15,0,0,1,2,4,1,3,0,1,1,1,1,1,1,1,0,4,3,2,1,1,5,2,10,9,8,C,1,0,0,0,0,0,0,1,0,0,1,0,0,0,0,1,0
25,0,0,16,1,0,1,2,2,1,1,0,0,1,1,0,0,1,1,0,2.5,2,2,1,3,5,14,6,9,8,C,0,1,0,0,0,0,0,1,0,0,0,0,1,0,0,1,0
26,0,1,15,1,0,1,2,2,1,1,0,0,1,1,0,1,1,1,0,4,2,2,1,2,5,2,12,12,11,B,0,1,0,0,0,0,1,0,0,0,0,1,0,0,0,1,0
27,0,1,15,1,0,1,4,2,1,1,0,0,0,1,0,1,1,1,0,2.5,2,4,2,4,1,4,15,16,15,A,0,0,1,0,0,1,0,0,0,0,0,0,1,0,0,1,0
28,0,1,16,1,1,0,3,4,1,2,0,1,1,0,1,1,1,1,0,5,3,3,1,1,5,4,11,11,11,B,0,1,0,0,0,0,0,1,0,0,0,1,0,0,0,1,0
29,0,1,16,1,0,1,4,4,1,2,0,0,1,1,1,1,1,1,1,4,4,5,3.5,5,5,16,10,12,11,B,0,1,0,0,0,0,0,0,1,0,0,0,0,1,0,1,0
30,0,1,15,1,0,1,4,4,1,2,0,0,1,1,0,0,1,1,0,5,4,2,3,4,5,0,9,11,12,B,0,1,0,0,0,1,0,0,0,0,0,0,1,0,0,1,0
31,0,1,15,1,0,1,4,4,2,2,0,0,1,0,1,1,1,1,0,4,3,1,1,1,5,0,17,16,17,A,0,0,0,1,0,0,0,1,0,0,0,0,1,0,0,1,0
32,0,1,15,0,0,1,4,3,1,2,0,0,1,0,1,1,1,1,1,4,5,2,1,1,5,0,17,16,16,A,1,0,0,0,0,0,0,0,1,1,0,0,0,0,0,1,0
33,0,1,15,1,1,1,3,3,1,2,0,0,0,0,1,0,1,1,0,5,3,2,1,1,2,0,8,10,12,B,1,0,0,0,0,0,1,0,0,0,0,1,0,0,0,1,0
34,0,1,16,1,0,1,3,2,1,1,0,0,1,1,0,0,1,1,0,5,4,3,1,1,5,0,12,14,15,A,0,1,0,0,0,0,1,0,0,0,0,1,0,0,0,1,0
35,0,0,15,1,0,1,2,3,2,1,0,0,1,0,1,1,1,0,0,3,5,1,1,1,5,0,8,7,6,C,0,0,1,0,0,0,1,0,0,0,0,1,0,0,1,0,0
36,0,1,15,1,1,1,4,3,1,3,0,0,1,0,1,1,1,1,0,5,4,3,1,1,4,2,15,16,18,A,0,1,0,0,0,0,0,0,1,0,0,0,1,0,0,1,0
37,0,1,16,0,0,0,4,4,2,3,0,0,1,0,1,1,1,1,1,2.5,4,3,1,1,5,7,15,16,15,A,0,0,0,1,0,0,1,0,0,0,0,0,0,1,0,1,0
38,0,0,15,0,0,1,3,4,1,3,0,1,1,1,1,1,1,1,0,4,3,2,1,1,5,2,12,12,11,B,1,0,0,0,0,0,0,1,0,0,1,0,0,0,0,1,0
39,0,0,15,0,0,1,2,2,1,1,0,1,1,1,1,1,1,0,0,4,3,1,1,1,2,8,14,13,13,B,0,0,0,1,1,0,0,0,0,0,0,1,0,0,0,1,0
40,0,0,16,1,1,1,2,2,2,2,0,0,1,0,1,0,1,1,1,3,3,3,1,2,3,20,7,10,11,B,0,1,0,0,0,0,1,0,0,0,0,1,0,0,0,1,0
41,0,1,15,1,1,1,4,4,1,1,0,0,1,0,0,0,1,1,1,5,4,3,2,4,5,8,12,12,12,B,0,1,0,0,0,0,0,0,1,0,0,1,0,0,0,0,1
42,0,1,15,1,0,1,4,4,1,2,0,0,1,0,1,1,1,1,0,4,3,3,1,1,5,2,19,18,18,A,1,0,0,0,0,0,0,1,0,0,0,0,0,1,1,0,0
43,0,1,15,1,0,1,2,2,1,1,0,1,1,0,0,1,1,1,0,5,4,1,1,1,1,0,8,8,11,B,1,0,0,0,0,0,0,1,0,0,0,0,1,0,1,0,0
44,0,0,16,1,1,1,2,2,2,2,0,1,0,0,1,1,1,1,0,4,3,3,2,2,5,14,10,10,9,C,1,0,0,0,0,0,1,0,0,1,0,0,0,0,1,0,0
45,0,0,15,1,1,0,4,3,1,2,0,1,1,1,1,1,1,1,1,5,2,2,1,1,5,8,8,8,6,C,1,0,0,0,0,0,1,0,0,0,0,1,0,0,0,1,0
46,0,0,16,1,1,0,3,3,1,2,0,0,1,0,0,1,1,1,0,2.5,3,5,1,4,3,12,11,12,11,B,0,1,0,0,0,0,1,0,0,0,0,0,1,0,0,1,0
47,0,1,16,1,0,1,4,3,1,3.5,0,0,0,0,1,1,1,1,0,4,2,2,1,1,2,4,19,19,20,A,0,0,0,1,0,1,0,0,0,0,0,0,1,0,0,1,0
48,0,1,15,1,0,1,4,2,1,2,0,0,1,1,0,1,1,0,0,4,3,3,2,2,5,2,15,15,14,B,0,1,0,0,0,0,0,0,1,0,0,1,0,0,0,1,0
49,0,0,15,1,0,1,4,4,1,2,0,1,1,0,1,0,1,1,0,4,4,4,1,1,3,2,7,7,7,C,0,0,1,0,0,0,0,1,0,0,0,0,0,1,1,0,0
50,0,0,16,1,1,1,2,2,3,2,0,0,1,1,0,1,1,1,0,4,3,3,2,3,4,2,12,13,13,B,1,0,0,0,0,0,0,1,0,0,0,0,1,0,0,1,0
51,0,0,15,1,1,1,4,2,1,2,0,0,1,1,0,1,1,1,0,4,3,3,1,1,5,2,11,13,13,B,0,0,1,0,0,1,0,0,0,0,0,1,0,0,0,1,0
52,0,1,15,1,1,0,4,2,2,1,0,0,0,0,0,1,1,0,0,5,5,5,3,4,5,6,11,11,10,B,0,0,1,0,0,1,0,0,0,0,1,0,0,0,1,0,0
53,0,0,15,1,0,1,4,4,1,1,0,1,1,1,0,1,1,1,0,3,3,4,2,3,5,0,8,10,11,B,1,0,0,0,0,0,0,1,0,0,0,0,1,0,0,1,0
54,0,0,15,1,1,0,3,3,1,1,0,0,0,1,0,1,1,1,0,5,3,4,3.5,4,1,6,10,13,13,B,0,0,1,0,0,0,1,0,0,0,0,1,0,0,0,1,0
55,0,0,16,1,0,0,2,1,1,2,0,0,0,1,1,1,1,1,1,5,3,4,1,1,2,8,8,9,10,B,0,0,1,0,0,0,1,0,0,0,0,1,0,0,0,1,0
56,0,0,15,1,0,0,4,3,1,2,0,0,1,1,1,1,1,1,0,4,3,2,1,1,1,0,14,15,15,A,0,0,0,1,0,0,0,1,0,0,0,0,1,0,0,1,0
57,0,1,15,1,0,1,4,4,1,2,0,0,1,0,1,1,1,0,0,3,2,2,1,1,5,4,14,15,15,A,0,0,0,1,0,0,0,0,1,0,1,0,0,0,0,1,0
58,0,1,15,1,1,1,1,2,1,2,0,1,1,0,1,1,1,1,0,4,3,2,1,1,5,2,9,10,9,C,0,1,0,0,0,0,1,0,0,1,0,0,0,0,1,0,0
59,0,0,16,1,0,1,4,2,1,2,0,0,1,0,0,1,1,1,0,4,2,3,1,1,5,2,15,16,16,A,1,0,0,0,0,0,0,1,0,0,0,1,0,0,0,1,0
60,0,0,16,0,0,1,4,4,1,2,0,0,1,0,1,1,1,0,0,2.5,4,4,2,3,4,6,10,11,11,B,0,0,1,0,0,1,0,0,0,0,0,0,0,1,0,1,0
61,0,0,16,1,0,1,1,1,3.5,1,0,1,1,0,1,0,1,1,1,5,5,5,3.5,5,5,6,10,8,11,B,1,0,0,0,0,0,0,1,0,0,0,0,1,0,1,0,0
62,0,0,16,1,1,1,1,2,1,2,0,1,0,0,1,1,1,1,0,4,4,3,1,1,1,4,8,10,9,C,0,0,0,1,0,0,1,0,0,0,0,0,1,0,1,0,0
63,0,0,16,1,0,1,4,3,1,3,0,1,1,1,1,1,1,1,0,3,4,4,2,4,4,2,10,9,9,C,0,1,0,0,0,0,0,0,1,0,1,0,0,0,0,1,0
64,0,0,15,1,1,1,4,3,1,2,0,1,0,0,1,1,1,1,1,4,4,4,2,4,2,0,10,10,10,B,0,0,0,1,0,0,0,1,0,0,0,0,1,0,1,0,0
65,0,0,16,1,1,1,4,3,3,2,0,0,1,0,1,1,1,1,0,5,4,3,1,2,1,2,16,15,15,A,1,0,0,0,0,0,0,0,1,0,0,0,1,0,0,1,0
66,0,1,15,1,0,0,4,4,1,3.5,0,0,1,0,1,0,1,1,1,2.5,3,3,3.5,5,3,4,13,13,12,B,0,0,0,1,0,0,1,0,0,0,0,0,1,0,0,1,0
67,0,0,16,1,0,1,3,1,1,3.5,0,1,1,1,0,1,1,1,0,4,3,3,1,2,5,4,7,7,6,C,1,0,0,0,0,0,0,1,0,0,0,1,0,0,0,1,0
68,0,0,15,0,1,1,2,2,2,2,0,1,1,1,0,1,1,1,0,4,1.5,3,1,3,4,2,8,9,8,C,0,0,0,1,0,1,0,0,0,0,0,0,1,0,0,1,0
69,0,0,15,0,1,1,3,1,2,3.5,0,0,1,0,0,0,1,1,0,4,4,2,2,3,3,12,16,16,16,A,0,0,0,1,0,0,1,0,0,0,0,1,0,0,1,0,0
70,0,1,16,1,0,1,3,1,2,3.5,0,0,1,1,0,1,1,1,0,4,3,2,1,1,5,0,13,15,15,A,0,0,0,1,0,0,1,0,0,0,0,1,0,0,1,0,0
71,0,1,15,1,0,1,4,2,1,3.5,0,0,0,0,0,1,1,1,0,3,3,3,1,1,3,0,10,10,10,B,1,0,0,0,0,0,1,0,0,0,0,1,0,0,0,1,0
72,0,0,15,0,0,1,1,1,1,2,0,1,1,0,0,0,1,1,1,3,3,4,2,4,5,2,8,6,5,C,0,0,0,1,0,0,1,0,0,0,0,1,0,0,0,1,0
73,0,1,16,1,0,1,3,1,1,1,0,0,0,0,1,1,1,0,0,5,3,2,2,2,5,2,12,12,14,B,0,0,0,1,0,0,1,0,0,0,0,1,0,0,0,1,0
74,0,0,16,1,0,1,3,3,1,2,0,1,1,1,1,1,1,1,0,4,3,3,2,4,5,20,11,12,11,B,0,1,0,0,0,0,1,0,0,0,0,0,1,0,0,1,0
75,0,1,15,1,0,1,4,3,1,2,0,0,1,1,1,1,1,1,0,4,3,3,2,3,5,6,9,9,10,B,0,1,0,0,0,0,0,0,1,0,0,1,0,0,0,1,0
76,0,1,15,1,0,1,4,0.5,2,3.5,0,0,0,0,1,1,1,1,0,3,4,3,1,1,1,8,11,11,10,B,1,0,0,0,0,0,0,0,1,0,0,1,0,0,0,1,0
77,0,0,16,1,0,1,2,2,1,3.5,0,0,0,1,0,1,1,1,1,5,2,3,1,3,3,0,11,11,11,B,0,0,0,1,0,0,1,0,0,0,0,1,0,0,0,1,0
78,0,1,17,1,0,1,2,1,2,1,0,1,1,0,1,1,0,1,0,4,5,1,1,1,3,2,8,8,10,B,0,1,0,0,0,0,1,0,0,0,0,1,0,0,0,1,0
79,0,0,16,1,0,1,3,4,1,2,0,0,1,0,0,1,1,1,0,2.5,4,3,1,2,3,12,5,5,5,C,1,0,0,0,1,0,0,0,0,0,0,1,0,0,0,1,0
80,0,1,15,1,0,1,2,3,1,1,0,1,1,1,1,0,1,1,1,3,2,2,1,3,3,2,10,12,12,B,1,0,0,0,0,0,1,0,0,0,0,0,1,0,1,0,0
81,0,1,15,1,0,1,2,3,1,3,0,1,0,1,0,0,1,1,0,5,3,2,1,2,5,4,11,10,11,B,0,1,0,0,0,0,1,0,0,0,0,1,0,0,0,1,0
82,0,0,15,1,1,1,3,2,1,2,0,0,1,1,0,1,1,1,0,4,4,4,1,1,5,10,7,6,6,C,0,0,0,1,0,0,0,1,0,0,0,1,0,0,0,1,0
83,0,1,15,1,1,1,2,2,2,2,0,0,0,1,1,1,1,1,0,5,3,3,1,3,4,4,15,15,15,A,0,1,0,0,0,0,0,1,0,0,0,0,1,0,0,1,0
84,0,0,15,1,0,1,1,1,1,2,0,0,1,0,1,0,1,1,0,4,3,2,2,3,4,2,9,10,10,B,0,1,0,0,0,0,1,0,0,0,0,1,0,0,1,0,0
85,0,0,15,1,0,1,4,4,2,2,0,0,0,1,0,1,1,1,1,4,4,4,2,3,5,6,7,9,8,C,0,0,0,1,0,0,0,1,0,0,0,0,1,0,1,0,0
86,0,0,16,1,1,1,2,2,1,2,0,0,1,0,0,1,1,0,0,4,3,4,1,2,2,4,8,7,6,C,1,0,0,0,1,0,0,0,0,0,0,1,0,0,0,1,0
87,0,0,15,1,0,1,4,2,1,3,0,0,1,0,1,1,1,1,0,5,3,3,1,3,1,4,13,14,14,B,0,0,0,1,0,0,1,0,0,0,0,1,0,0,0,1,0
88,0,1,16,1,0,1,2,2,2,2,0,0,0,1,1,0,1,1,0,4,4,2,1,1,3,12,11,10,10,B,0,0,0,1,0,0,0,1,0,0,0,1,0,0,1,0,0
89,0,1,16,1,1,0,4,4,1,2,0,0,1,0,0,1,1,0,0,4,1.5,3,3,5,5,18,8,6,7,C,0,0,0,1,0,0,0,0,1,0,1,0,0,0,0,1,0
90,0,0,16,1,0,1,3,3,1,3,0,0,1,1,0,1,1,1,1,4,3,3,1,3,4,0,7,7,8,C,0,1,0,0,0,0,1,0,0,0,0,1,0,0,0,1,0
91,0,0,15,1,0,1,4,3,1,1,0,0,0,1,1,1,1,1,0,4,5,5,1,3,1,4,16,17,18,A,0,0,0,1,0,0,0,1,0,0,0,1,0,0,0,1,0
92,0,0,16,1,1,1,3,1,1,2,0,1,1,0,0,1,1,0,0,3,3,3,2,3,2,4,7,6,6,C,0,1,0,0,0,0,1,0,0,0,0,1,0,0,1,0,0
93,0,0,16,1,0,1,4,2,2,2,0,0,1,1,1,1,1,1,0,5,3,3,1,1,1,0,11,10,10,B,0,1,0,0,0,0,0,0,1,0,0,0,1,0,0,1,0
94,0,1,15,1,1,1,2,2,1,3.5,0,0,1,0,1,1,1,1,0,4,3,4,1,1,4,6,11,13,14,B,0,0,0,1,0,0,0,1,0,0,1,0,0,0,0,1,0
95,0,0,15,0,0,1,1,1,2,3.5,0,1,1,1,1,1,1,1,0,3,1.5,2,1,1,1,2,7,10,10,B,0,1,0,0,1,0,0,0,0,0,0,1,0,0,0,1,0
96,0,1,16,0,0,1,4,3,2,1,0,1,1,0,1,0,1,1,0,3,3,3,1,1,4,2,11,15,15,A,0,0,0,1,0,0,0,1,0,0,0,1,0,0,0,1,0
97,0,0,16,1,0,1,2,1,1,2,0,0,1,1,0,1,1,0,1,4,3,5,1,1,5,2,8,9,10,B,1,0,0,0,0,0,1,0,0,0,0,1,0,0,0,1,0
98,0,0,16,1,0,1,4,4,1,1,0,0,0,0,1,0,1,1,0,5,3,4,1,2,1,6,11,14,14,B,0,0,0,1,0,0,1,0,0,0,0,1,0,0,0,1,0
99,0,0,16,1,0,1,4,3,1,3,0,1,1,1,0,1,1,1,0,5,3,5,1,1,3,0,7,9,8,C,1,0,0,0,0,0,1,0,0,1,0,0,0,0,0,1,0
100,0,1,16,1,0,1,4,4,1,1,0,1,1,1,1,1,1,1,0,4,5,5,3.5,5,4,14,7,7,5,C,0,0,1,0,0,0,0,1,0,0,0,0,1,0,0,1,0
101,0,1,16,1,0,1,4,4,1,3,0,0,1,0,1,1,1,1,1,4,4,3,1,1,4,0,16,17,17,A,0,0,1,0,0,0,0,1,0,0,0,0,0,1,1,0,0
102,0,1,15,1,0,1,4,4,1,1,0,0,1,0,1,0,1,1,0,5,3,3,1,1,5,4,10,13,14,B,1,0,0,0,0,0,0,1,0,0,0,1,0,0,0,1,0
103,0,0,15,1,0,1,3,2,2,2,0,1,1,1,0,1,1,1,0,4,3,5,1,1,2,20,7,6,6,C,0,1,0,0,0,0,0,1,0,0,0,1,0,0,0,1,0
104,0,1,15,1,0,0,3,4,1,2,0,0,1,1,1,1,1,1,0,5,4,4,1,1,1,0,16,18,18,A,1,0,0,0,0,0,0,1,0,0,0,1,0,0,0,1,0
105,0,0,15,1,0,0,3,3,1,3.5,0,1,0,0,0,1,1,0,0,4,3,3,1,1,4,10,10,11,11,B,0,0,0,1,0,0,1,0,0,0,1,0,0,0,1,0,0
106,0,0,15,1,0,1,2,2,1,3.5,0,1,1,1,0,1,1,1,0,5,1.5,2,1,1,3,8,7,8,8,C,1,0,0,0,0,0,1,0,0,0,0,1,0,0,0,1,0
107,0,1,16,1,0,1,3,3,1,3,0,0,1,0,1,1,1,1,0,5,3,3,1,1,5,2,16,18,18,A,0,1,0,0,0,0,0,1,0,0,0,1,0,0,1,0,0
108,0,1,15,0,0,1,4,4,3.5,3.5,0,0,1,1,1,1,1,1,1,2.5,3,5,3,5,1,6,10,13,13,B,0,1,0,0,0,0,1,0,0,0,0,1,0,0,1,0,0
109,0,0,16,1,1,1,4,4,1,3,0,0,1,1,1,1,1,1,1,5,4,5,1,1,4,4,14,15,16,A,0,0,1,0,0,1,0,0,0,0,1,0,0,0,0,1,0
110,0,1,15,1,1,0,4,4,1,1,0,0,0,0,1,1,1,1,0,5,5,3,1,1,4,6,18,19,19,A,1,0,0,0,0,0,0,0,1,0,0,0,0,1,0,1,0
111,0,0,16,0,0,1,3,3,1,3,0,1,1,0,1,1,1,1,0,4,1.5,2,1,1,2,0,7,10,10,B,0,0,0,1,0,0,0,1,0,0,0,1,0,0,1,0,0
112,0,0,16,1,0,1,2,2,1,2,0,1,0,0,1,1,1,1,0,3,1.5,2,1,1,5,6,10,13,13,B,0,1,0,0,1,0,0,0,0,0,0,1,0,0,0,1,0
113,0,1,15,1,1,1,4,2,1,1,0,0,0,0,0,1,1,1,0,3,5,2,1,1,3,10,18,19,19,A,1,0,0,0,0,0,0,0,1,0,0,1,0,0,0,1,0
114,0,1,15,0,0,1,2,1,1,2,0,0,0,0,1,1,1,1,1,5,4,2,1,1,5,8,9,9,9,C,0,0,0,1,0,1,0,0,0,0,0,0,1,0,0,1,0
115,0,1,16,1,0,1,4,4,1,2,0,0,1,0,1,1,1,1,0,5,4,4,1,2,5,2,15,15,16,A,1,0,0,0,0,0,0,0,1,0,0,0,0,1,1,0,0
116,0,1,15,1,0,1,4,4,2,2,0,0,1,0,1,1,1,0,0,4,4,3,1,1,2,2,11,13,14,B,0,0,0,1,0,0,1,0,0,0,0,0,0,1,1,0,0
117,0,1,16,1,0,1,3,3,2,1,0,0,0,0,1,1,1,1,0,5,4,2,1,1,5,0,13,14,13,B,0,1,0,0,0,0,1,0,0,0,0,0,1,0,1,0,0
118,0,1,17,0,0,1,1,3,3,2,0,0,1,0,1,1,1,1,0,5,2,4,1,4,5,20,9,7,8,C,1,0,0,0,0,0,1,0,0,0,0,1,0,0,1,0,0
119,0,1,15,1,0,1,3,4,1,1,0,0,0,0,0,1,1,1,0,3,4,3,1,2,4,6,14,13,13,B,0,0,0,1,0,0,1,0,0,0,0,1,0,0,1,0,0
120,0,0,15,1,0,1,1,2,1,2,0,0,0,0,0,0,1,1,0,3,2,3,1,2,1,2,16,15,15,A,1,0,0,0,1,0,0,0,0,0,0,0,1,0,0,1,0
121,0,1,15,1,0,1,2,2,1,3.5,0,0,1,1,1,1,1,1,0,5,5,4,1,2,5,6,16,14,15,A,0,1,0,0,0,0,0,1,0,0,0,0,1,0,1,0,0
122,0,0,16,1,1,1,2,4,2,2,0,0,1,1,1,1,1,1,1,4,2,2,1,2,5,2,13,13,13,B,1,0,0,0,0,0,1,0,0,0,1,0,0,0,1,0,0
123,0,1,16,1,0,1,4,4,1,1,0,0,1,0,1,1,1,1,0,3,4,4,1,4,5,18,14,11,13,B,1,0,0,0,0,1,0,0,0,0,0,1,0,0,0,1,0
124,0,0,16,1,0,1,2,2,1,2,0,0,0,1,0,1,1,1,1,5,4,4,1,1,5,0,8,7,8,C,0,1,0,0,0,0,1,0,0,0,0,1,0,0,0,1,0
125,0,1,15,1,0,1,3,4,1,1,0,1,0,0,0,1,1,1,0,5,5,5,3,2,5,0,13,13,12,B,0,1,0,0,0,0,0,1,0,0,0,0,1,0,1,0,0
126,0,0,15,1,1,0,3,4,1,2,0,1,0,0,1,1,1,1,1,5,3,2,1,1,1,0,7,10,11,B,0,1,0,0,0,0,1,0,0,0,0,1,0,0,0,1,0
127,0,0,19,1,0,1,0,1,1,2,0,0,1,0,0,0,0,0,0,3,4,2,1,1,5,2,7,8,9,C,1,0,0,0,1,0,0,0,0,0,0,1,0,0,0,0,1
128,0,1,18,0,0,1,2,2,1,1,0,0,1,0,1,1,1,1,0,3,3,3,1,2,4,0,7,4,0,D,0,0,0,1,0,0,0,1,0,0,0,1,0,0,0,1,0
129,0,1,16,0,0,1,4,4,1,1,0,0,0,1,1,1,1,1,0,3,5,5,2,5,4,8,18,18,18,A,1,0,0,0,0,0,0,0,1,0,0,0,0,1,0,1,0
130,0,0,15,0,0,1,3,4,2,3,0,0,1,0,0,1,1,1,1,4,2,2,2,2,5,0,12,0,0,D,1,0,0,0,0,0,0,1,0,0,0,0,0,1,1,0,0
131,0,0,15,1,0,1,1,1,3,1,0,0,1,0,1,0,1,1,1,4,3,3,1,2,4,0,8,0,0,D,1,0,0,0,1,0,0,0,0,0,0,1,0,0,0,1,0
132,0,0,17,1,1,1,2,2,1,1,0,0,1,0,0,1,1,1,1,3,4,4,1,3,5,12,10,13,12,B,1,0,0,0,0,0,1,0,0,0,0,1,0,0,1,0,0
133,0,0,16,1,0,0,3,4,1,1,0,0,0,0,0,1,1,1,0,3,2,1,1,4,5,16,12,11,11,B,1,0,0,0,0,0,0,1,0,0,0,1,0,0,1,0,0
134,0,1,15,0,0,1,3,4,3.5,2,0,0,1,0,0,1,1,0,1,5,3,3,1,1,5,0,9,0,0,D,1,0,0,0,1,0,0,0,0,0,0,0,0,1,0,1,0
135,0,0,15,1,0,1,4,4,1,3,0,0,1,0,1,1,1,1,1,4,3,3,1,1,5,0,11,0,0,D,1,0,0,0,0,0,0,1,0,1,0,0,0,0,0,1,0
136,0,1,17,0,0,1,3,4,3,2,0,0,0,0,0,1,1,0,0,5,4,5,2,4,5,0,10,0,0,D,1,0,0,0,1,0,0,0,0,0,0,1,0,0,0,1,0
137,0,0,16,1,0,0,3,3,2,1,0,0,1,0,1,0,1,1,1,4,3,2,1,1,5,0,4,0,0,D,1,0,0,0,0,0,1,0,0,0,0,1,0,0,0,0,1
138,0,1,16,1,1,1,1,1,1,2,0,0,0,0,0,1,1,0,1,4,4,4,1,3,5,0,14,12,12,B,1,0,0,0,0,0,0,1,0,0,0,1,0,0,0,1,0
139,0,0,15,1,0,1,4,4,2,1,0,0,0,0,1,1,1,1,0,4,3,2,1,1,5,0,16,16,15,A,1,0,0,0,0,0,0,0,1,0,0,0,0,1,0,1,0
140,0,1,15,1,0,1,4,3,2,3.5,0,1,1,0,0,1,1,1,0,2.5,2,2,1,1,3,0,7,9,0,D,1,0,0,0,0,0,0,0,1,0,0,0,1,0,1,0,0
141,0,1,16,1,1,1,2,2,2,1,0,0,1,0,1,1,1,1,0,2.5,3,3,2,2,2,8,9,9,9,C,0,0,0,1,0,0,0,1,0,0,0,0,1,0,1,0,0
142,0,0,15,1,0,1,4,4,1,3,0,0,1,1,1,1,1,1,0,4,2,2,1,1,5,2,9,11,11,B,1,0,0,0,0,0,0,0,1,0,0,0,1,0,0,1,0
143,0,0,16,1,1,1,1,1,1,1,0,0,0,0,0,1,1,1,0,3,4,4,3,3,1,2,14,14,13,B,1,0,0,0,1,0,0,0,0,1,0,0,0,0,0,1,0
144,0,1,17,1,0,1,2,1,1,1,0,0,1,0,0,1,1,1,0,5,4,5,1,2,5,0,5,0,0,D,0,1,0,0,0,0,1,0,0,0,0,1,0,0,0,1,0
145,0,0,15,1,0,1,1,1,1,2,0,0,1,1,0,1,1,1,0,4,4,2,1,2,5,0,8,11,11,B,1,0,0,0,0,0,1,0,0,0,0,0,1,0,1,0,0
146,0,0,15,1,0,1,3,2,1,2,0,0,1,0,0,1,1,1,0,3,3,2,1,1,3,0,6,7,0,D,0,1,0,0,0,1,0,0,0,0,0,0,1,0,1,0,0
147,0,0,15,1,0,1,1,2,1,2,0,0,1,1,0,0,1,1,0,4,3,2,1,1,5,2,10,11,11,B,1,0,0,0,1,0,0,0,0,0,0,1,0,0,0,1,0
148,0,1,16,1,0,1,4,4,1,1,0,0,1,0,0,1,0,1,1,3,3,2,2,1,5,0,7,6,0,D,1,0,0,0,0,0,0,0,1,0,0,0,0,1,0,1,0
149,0,1,15,1,1,0,2,1,3.5,1,0,0,0,0,0,1,1,1,0,4,5,5,2,5,5,0,8,9,10,B,1,0,0,0,0,0,0,1,0,0,0,1,0,0,0,1,0
150,0,1,18,1,1,1,1,1,1,1,0,0,0,0,0,1,0,1,1,2.5,3,5,2,5,4,0,6,5,0,D,1,0,0,0,0,0,1,0,0,0,0,1,0,0,0,1,0
151,0,1,16,1,1,1,2,1,1,1,0,0,0,0,1,1,1,0,1,4,4,4,3,5,5,6,12,13,14,B,1,0,0,0,1,0,0,0,0,0,0,1,0,0,0,1,0
152,0,0,15,0,0,1,3,3,2,3,0,0,1,1,1,1,1,1,1,4,2,1,2,3,3,8,10,10,10,B,0,0,0,1,0,0,0,1,0,0,0,0,1,0,0,0,1
153,0,1,19,1,0,1,3,2,1,1,0,0,1,0,0,1,0,1,1,4,5,4,1,1,4,0,5,0,0,D,0,1,0,0,0,0,0,1,0,1,0,0,0,0,0,1,0
154,0,0,17,1,0,1,4,4,1,1,0,1,1,0,0,1,1,0,1,4,2,1,1,1,4,0,11,11,12,B,1,0,0,0,0,0,1,0,0,0,0,0,0,1,0,1,0
155,0,1,15,0,0,1,2,3,1,2,0,1,0,1,1,1,1,0,0,4,4,4,1,1,1,2,11,8,8,C,1,0,0,0,1,0,0,0,0,0,0,0,1,0,0,1,0
156,0,1,17,0,1,1,1,2,1,1,0,0,0,0,0,1,1,0,0,2.5,2,2,3,3,5,8,16,12,13,B,0,0,0,1,0,0,1,0,0,0,0,1,0,0,0,1,0
157,0,0,18,0,0,1,1,1,3,1,0,0,1,0,1,0,1,0,0,5,2,5,1,5,4,6,9,8,10,B,1,0,0,0,1,0,0,0,0,0,0,1,0,0,0,1,0
158,0,1,16,0,0,1,2,2,3,1,0,0,0,0,0,0,1,0,0,4,2,2,1,2,3,2,17,15,15,A,1,0,0,0,1,0,0,0,0,0,0,1,0,0,0,1,0
159,0,1,16,1,0,1,3,3,1,2,0,0,1,1,0,1,1,1,1,4,5,5,3.5,4,5,4,10,12,12,B,1,0,0,0,0,0,1,0,0,0,0,0,1,0,1,0,0
160,0,1,17,0,1,1,2,1,2,1,0,0,0,0,1,1,0,1,1,3,3,2,2,2,5,0,7,6,0,D,1,0,0,0,1,0,0,0,0,0,0,1,0,0,0,1,0
161,0,1,15,0,0,1,3,2,2,2,0,1,1,0,0,1,1,1,1,4,4,4,1,4,3,6,5,9,7,C,1,0,0,0,0,0,1,0,0,0,0,1,0,0,0,1,0
162,0,1,16,1,1,1,1,2,2,1,0,0,0,0,1,1,1,0,0,4,4,4,2,4,5,0,7,0,0,D,1,0,0,0,0,0,1,0,0,0,0,1,0,0,0,1,0
163,0,1,17,1,0,1,1,3,1,1,0,0,0,0,0,1,0,1,0,5,3,3,1,4,2,2,10,10,10,B,1,0,0,0,1,0,0,0,0,0,0,0,1,0,1,0,0
164,0,1,17,0,1,1,1,1,3.5,2,0,0,0,0,1,1,0,0,1,5,3,5,1,5,5,0,5,8,7,C,1,0,0,0,0,0,1,0,0,0,0,0,1,0,0,1,0
165,0,1,16,1,0,1,3,2,2,1,0,0,1,0,1,0,0,0,0,4,5,2,1,1,2,16,12,11,12,B,1,0,0,0,0,0,0,1,0,0,0,0,1,0,0,1,0
166,0,1,16,1,0,1,2,2,1,2,0,0,0,0,0,1,0,1,0,4,3,5,2,4,4,4,10,10,10,B,1,0,0,0,0,0,1,0,0,0,0,1,0,0,1,0,0
167,0,0,16,1,0,1,4,2,1,2,0,0,0,1,0,1,1,1,1,4,2,3,1,1,3,0,14,15,16,A,0,1,0,0,0,1,0,0,0,0,0,0,1,0,1,0,0
168,0,0,16,1,0,1,2,2,1,2,0,0,1,1,0,0,1,1,0,5,1.5,5,1,1,4,0,6,7,0,D,0,1,0,0,0,0,1,0,0,0,0,1,0,0,0,1,0
169,0,0,16,1,0,1,4,4,1,2,0,0,1,1,0,1,1,1,1,4,4,2,1,1,3,0,14,14,14,B,0,0,0,1,0,1,0,0,0,0,1,0,0,0,0,1,0
170,0,1,16,1,0,1,3,4,3,1,0,0,1,0,1,0,1,1,0,3,4,5,2,4,2,0,6,5,0,D,1,0,0,0,0,0,1,0,0,0,0,1,0,0,1,0,0
171,0,1,16,1,0,1,1,0.5,2,2,0,0,1,1,1,1,1,1,1,4,3,2,1,1,3,2,13,15,16,A,0,0,0,1,0,0,1,0,0,0,0,1,0,0,0,1,0
172,0,1,17,1,1,1,4,4,1,2,0,0,1,1,1,1,1,1,0,4,4,4,1,3,5,0,13,11,10,B,0,0,0,1,0,0,0,0,1,0,0,1,0,0,0,1,0
173,0,0,16,1,0,1,1,3,1,2,0,0,0,0,1,0,1,1,1,4,3,5,1,1,3,0,8,7,0,D,0,1,0,0,1,0,0,0,0,0,0,0,1,0,0,1,0
174,0,0,16,1,1,1,3,3,2,2,0,0,1,1,1,1,1,1,0,4,4,5,1,1,4,4,10,11,9,C,0,0,0,1,0,0,1,0,0,0,0,1,0,0,0,1,0
175,0,1,17,1,1,1,4,3,2,2,0,0,0,1,1,1,1,1,0,4,4,4,3.5,4,4,4,10,9,9,C,1,0,0,0,0,0,0,0,1,0,0,1,0,0,0,1,0
176,0,0,16,1,0,1,2,2,2,2,0,0,0,1,1,0,1,1,0,3,4,4,1,4,5,2,13,13,11,B,0,0,0,1,0,0,0,1,0,0,0,1,0,0,0,1,0
177,0,1,17,1,0,1,3,3,1,2,0,0,0,0,1,0,1,1,0,4,3,4,1,4,4,4,6,5,6,C,0,0,0,1,0,0,1,0,0,0,0,1,0,0,1,0,0
178,0,1,16,0,0,1,4,2,1,1,0,0,1,0,1,1,1,1,1,4,3,3,3,4,3,10,10,8,9,C,0,0,1,0,0,0,0,0,1,0,0,0,1,0,0,1,0
179,0,1,17,1,0,1,4,3,1,2,0,0,1,0,1,1,1,1,1,5,2,3,1,1,2,4,10,10,11,B,1,0,0,0,0,0,1,0,0,0,0,1,0,0,0,1,0
180,0,1,16,1,0,1,4,3,1,2,0,0,1,1,1,1,1,1,0,3,4,3,2,3,3,10,9,8,8,C,0,1,0,0,0,0,0,0,1,0,0,1,0,0,0,1,0
181,0,1,16,1,0,1,3,3,1,2,0,0,0,1,1,1,1,1,1,4,2,3,1,2,3,2,12,13,12,B,0,1,0,0,0,0,0,1,0,0,0,1,0,0,0,1,0
182,0,0,17,1,0,1,2,4,1,2,0,0,1,0,1,1,1,0,0,5,4,2,2,3,5,0,16,17,17,A,0,0,0,1,0,0,0,1,0,0,0,0,1,0,1,0,0
183,0,0,17,1,1,1,3,3,1,2,0,0,1,0,1,1,1,1,1,5,3,3,2,3,1,20,9,9,8,C,0,0,0,1,0,0,1,0,0,0,0,1,0,0,0,1,0
184,0,0,16,1,0,1,3,2,1,2,0,0,1,1,0,1,1,1,0,2.5,2,2,1,2,1,14,12,13,12,B,0,0,0,1,0,0,1,0,0,0,0,1,0,0,0,1,0
185,0,1,17,1,0,1,3,3,1,2,0,0,1,0,1,1,1,1,1,4,3,4,2,3,4,12,12,12,11,B,0,0,1,0,0,0,0,1,0,0,0,0,1,0,0,1,0
186,0,1,16,1,0,1,1,2,1,1,0,0,1,1,1,1,1,1,1,3,3,3,1,2,3,2,11,12,11,B,0,0,1,0,0,0,0,1,0,0,0,0,1,0,0,1,0
187,0,1,16,1,1,1,2,1,1,2,0,0,0,1,1,1,1,1,1,4,2,3,1,2,5,0,15,15,15,A,1,0,0,0,0,0,1,0,0,0,0,1,0,0,0,1,0
188,0,0,17,1,0,0,3,3,1,2,0,0,1,0,0,0,1,1,1,3,3,3,1,3,3,6,8,7,9,C,0,0,0,1,0,1,0,0,0,0,0,1,0,0,0,1,0
189,0,1,17,0,0,1,1,2,1,2,0,0,0,0,0,1,1,0,0,3,1.5,3,1,5,3,4,8,9,10,B,0,1,0,0,1,0,0,0,0,0,0,1,0,0,0,1,0
190,0,0,16,1,0,1,2,3,1,2,0,0,0,0,0,1,1,1,0,4,3,3,1,1,2,10,11,12,13,B,1,0,0,0,0,0,0,1,0,0,0,0,1,0,0,1,0
191,0,0,17,1,0,1,1,1,1,2,0,0,0,0,1,1,1,1,0,5,3,3,1,1,3,0,8,8,9,C,1,0,0,0,1,0,0,0,0,0,0,0,1,0,0,1,0
192,0,1,17,1,0,1,1,2,2,2,0,0,0,1,1,0,1,1,0,4,4,4,3.5,5,5,12,7,8,8,C,0,0,1,0,1,0,0,0,0,0,0,0,1,0,0,0,1
193,0,1,16,0,0,1,3,3,1,1,0,0,1,0,1,1,1,1,0,4,3,2,3,4,5,8,8,9,10,B,0,0,0,1,0,0,0,1,0,0,0,0,1,0,0,1,0
194,0,1,16,1,0,1,2,3,2,1,0,0,0,0,0,1,1,1,0,5,3,3,1,1,3,0,13,14,14,B,0,1,0,0,0,0,1,0,0,0,0,1,0,0,1,0,0
195,0,0,17,1,1,1,2,4,1,2,0,0,0,0,1,1,1,1,1,4,3,2,1,1,5,0,14,15,15,A,1,0,0,0,0,0,0,1,0,0,0,0,1,0,1,0,0
196,0,1,17,1,0,1,4,4,1,1,0,0,0,0,0,1,1,1,0,5,2,3,1,2,5,4,17,15,16,A,0,1,0,0,0,0,0,1,0,0,0,0,0,1,0,1,0
197,0,1,16,0,1,1,3,3,3,1,0,0,1,1,1,1,1,1,0,3,3,4,3,5,3,8,9,9,10,B,0,1,0,0,0,0,0,0,1,0,0,1,0,0,1,0,0
198,0,0,17,1,0,1,4,4,2,1,0,0,1,0,0,1,1,1,0,4,2,4,2,3,2,20,18,18,18,A,0,1,0,0,0,0,0,1,0,0,0,0,0,1,0,1,0
199,0,0,16,1,1,1,4,4,1,2,0,0,1,1,0,1,1,1,0,4,5,2,1,2,3,0,9,9,10,B,0,0,0,1,0,0,0,0,1,0,0,0,0,1,0,1,0
200,0,0,16,1,0,1,4,3,1,2,0,0,1,0,1,1,1,1,0,4,3,5,1,5,2,2,16,16,16,A,0,1,0,0,0,1,0,0,0,0,0,1,0,0,0,1,0
201,0,0,16,1,0,1,2,3,1,2,0,1,1,1,1,1,1,0,0,4,4,3,1,3,4,6,8,10,10,B,0,0,0,1,0,0,1,0,0,0,0,1,0,0,0,1,0
202,0,0,17,1,0,1,1,1,1,2,0,0,1,1,0,0,1,0,0,4,4,4,1,3,1,4,9,9,10,B,1,0,0,0,0,0,1,0,0,0,0,1,0,0,0,1,0
203,0,0,17,0,0,1,2,2,1,1,0,0,1,0,0,1,1,1,0,5,3,2,1,2,3,18,7,6,6,C,0,0,0,1,0,0,1,0,0,0,0,1,0,0,0,1,0
204,0,0,16,0,0,1,2,2,2,3.5,0,0,1,1,1,0,1,1,0,5,3,5,1,1,5,6,10,10,11,B,0,0,0,1,0,0,0,1,0,0,0,0,1,0,0,1,0
205,0,0,17,1,0,1,3,4,1,3,0,0,1,1,0,1,1,1,1,4,4,3,3,4,5,20,10,9,9,C,0,1,0,0,1,0,0,0,0,0,0,0,1,0,0,1,0
206,0,0,16,1,0,0,3,1,1,2,0,0,1,1,0,1,1,1,0,2.5,3,3,2,2,4,5,7,7,7,C,1,0,0,0,0,0,0,1,0,0,0,1,0,0,0,1,0
207,0,0,16,1,0,1,4,3,1,2,0,0,0,1,1,1,1,1,1,2.5,3,2,1,1,1,10,11,12,13,B,0,0,1,0,0,0,0,0,1,0,0,1,0,0,0,1,0
208,0,0,16,1,0,1,1,1,2,1,0,0,1,1,0,1,1,0,0,4,3,2,1,4,5,6,9,9,10,B,0,1,0,0,1,0,0,0,0,0,0,1,0,0,0,1,0
209,0,0,17,0,0,1,4,3,2,3,0,0,1,1,1,1,1,1,1,4,4,2,1,1,4,6,7,7,7,C,0,0,0,1,0,0,0,0,1,0,0,1,0,0,0,1,0
210,0,0,19,1,0,1,3,3,1,3.5,0,0,1,1,1,1,1,1,0,4,3,3,1,2,3,10,8,8,8,C,0,0,0,1,0,0,1,0,0,0,0,1,0,0,0,0,1
211,0,1,17,1,1,1,4,4,1,2,0,0,1,1,0,1,1,1,1,5,3,5,3.5,5,3,13,12,12,13,B,0,1,0,0,0,0,0,1,0,0,0,1,0,0,0,1,0
212,0,0,16,1,0,0,2,2,1,2,0,1,1,1,0,1,1,1,0,3,3,4,1,1,4,0,12,13,14,B,0,0,0,1,0,0,1,0,0,0,0,1,0,0,0,1,0
213,0,1,18,1,0,1,2,2,1,2,0,0,1,1,1,1,1,1,0,4,4,4,2,4,5,15,6,7,8,C,0,1,0,0,0,0,0,1,0,0,0,1,0,0,0,1,0
214,0,0,17,0,1,1,4,4,1,1,0,0,1,1,0,1,1,0,0,5,2,1,1,2,3,12,8,10,10,B,0,0,1,0,0,0,0,1,0,0,0,1,0,0,0,1,0
215,0,0,17,1,1,1,3,2,2,2,0,0,0,1,0,1,1,1,0,4,4,4,1,3,1,2,14,15,15,A,0,0,0,1,0,0,1,0,0,0,0,1,0,0,0,1,0
216,0,0,17,1,0,1,4,3,1,2,0,0,0,1,0,1,1,1,1,3,4,5,2,4,1,20,6,6,4,D,0,0,0,1,0,0,1,0,0,0,0,1,0,0,0,1,0
217,0,1,18,1,1,1,3,3,1,2,0,0,1,1,0,1,1,1,0,3,2,4,2,4,4,13,6,6,8,C,0,1,0,0,0,0,0,1,0,0,1,0,0,0,1,0,0
218,0,0,17,1,0,1,2,3,2,1,0,0,1,1,0,1,1,0,0,3,3,3,1,4,3,3,7,7,8,C,0,1,0,0,1,0,0,0,0,0,0,1,0,0,1,0,0
219,0,0,17,1,0,1,2,2,1,3,0,0,1,1,1,1,1,1,0,4,3,3,1,1,4,4,9,10,10,B,1,0,0,0,1,0,0,0,0,1,0,0,0,0,0,1,0
220,0,0,17,0,0,1,2,1,2,2,0,0,1,0,1,1,1,1,0,4,2,5,1,2,5,2,6,6,6,C,0,0,0,1,1,0,0,0,0,0,0,0,1,0,0,1,0
221,0,0,17,1,0,1,1,1,1,3,0,0,1,0,1,1,1,0,1,4,3,4,1,1,5,0,6,5,0,D,0,0,0,1,1,0,0,0,0,0,0,1,0,0,0,1,0
222,0,0,16,1,0,1,2,3,1,2,0,1,0,0,0,1,1,1,0,2.5,3,1,1,1,3,2,16,16,17,A,0,0,1,0,0,0,0,1,0,0,0,0,0,1,0,1,0
223,0,1,18,1,0,1,2,2,2,2,0,0,1,1,0,1,1,1,0,3,3,3,3.5,5,4,0,12,13,13,B,0,1,0,0,0,0,1,0,0,0,0,1,0,0,0,1,0
224,0,0,16,1,0,1,4,4,1,3,0,0,1,0,1,0,1,1,0,5,3,2,1,1,5,0,13,13,14,B,0,1,0,0,0,0,0,0,1,0,0,0,1,0,0,1,0
225,0,0,18,0,0,1,3,1,1,2,0,0,0,0,1,1,1,1,1,5,3,3,1,1,4,16,9,8,7,C,0,0,0,1,0,0,1,0,0,0,0,1,0,0,0,1,0
226,0,0,17,1,0,1,3,2,1,2,0,0,0,0,1,0,1,1,0,5,3,4,1,3,3,10,16,15,15,A,1,0,0,0,0,0,1,0,0,0,0,1,0,0,0,1,0
227,0,1,17,1,1,1,2,3,1,2,0,0,1,1,0,0,1,1,0,5,3,3,1,3,3,2,12,11,12,B,0,0,0,1,0,0,0,1,0,0,0,0,1,0,1,0,0
228,0,1,18,1,1,1,2,1,3.5,2,0,1,1,1,1,1,1,1,1,4,3,2,3.5,5,3,14,10,8,9,C,1,0,0,0,1,0,0,0,0,0,0,1,0,0,0,1,0
229,0,0,17,1,0,0,2,1,2,3,0,0,0,0,1,1,1,1,1,3,2,3,1,2,3,10,12,10,12,B,1,0,0,0,0,0,1,0,0,0,0,1,0,0,0,1,0
230,0,0,17,1,1,1,4,3,1,2,0,0,0,0,1,1,1,1,1,3,2,3,1,2,3,14,13,13,14,B,0,0,0,1,0,1,0,0,0,0,0,1,0,0,1,0,0
231,0,1,17,0,0,1,2,2,2,2,0,0,1,1,1,1,1,1,0,4,5,2,1,1,1,4,11,11,11,B,1,0,0,0,0,0,1,0,0,0,0,1,0,0,1,0,0
232,0,1,17,1,0,1,4,4,1,2,0,1,1,0,1,1,1,1,1,4,5,5,1,3,2,14,11,9,9,C,0,0,0,1,0,0,0,0,1,0,0,0,0,1,0,1,0
233,0,1,16,1,0,1,4,4,1,2,0,0,1,1,1,1,1,1,0,4,2,4,2,4,1,2,14,13,13,B,0,0,0,1,0,1,0,0,0,0,0,1,0,0,1,0,0
234,0,1,16,1,1,1,1,1,2,2,0,0,1,1,0,1,1,1,0,3,4,2,1,1,5,18,9,7,6,C,0,1,0,0,0,0,1,0,0,0,0,1,0,0,0,1,0
235,0,1,16,1,0,1,3,2,2,3,0,0,0,0,1,1,1,1,1,5,3,3,1,3,2,10,11,9,10,B,0,0,0,1,1,0,0,0,0,0,0,1,0,0,0,1,0
236,0,1,17,1,1,1,2,2,1,2,0,0,0,1,1,0,1,1,1,4,4,2,3.5,5,4,4,14,13,13,B,0,1,0,0,0,0,1,0,0,0,0,1,0,0,1,0,0
237,0,0,16,1,0,1,2,1,1,1,0,0,0,0,0,1,1,1,1,4,5,2,1,1,5,20,13,12,12,B,0,1,0,0,0,0,1,0,0,0,0,1,0,0,0,1,0
238,0,0,17,0,0,1,2,1,3,2,0,0,0,0,1,1,1,0,0,2.5,1.5,1,1,1,3,2,13,11,11,B,1,0,0,0,1,0,0,0,0,0,0,0,1,0,0,1,0
239,0,1,18,1,0,1,2,2,1,2,0,0,0,0,0,1,0,1,0,5,5,4,3,5,2,0,7,7,0,D,0,0,0,1,0,0,1,0,0,0,0,0,1,0,1,0,0
240,0,1,17,1,1,1,4,3,2,2,0,0,0,0,1,1,1,1,1,2.5,5,5,1,4,5,14,12,12,12,B,1,0,0,0,0,1,0,0,0,0,0,1,0,0,0,1,0
241,0,1,17,0,1,0,4,4,2,2,0,0,1,1,0,1,1,1,0,3,3,3,2,3,4,2,10,11,12,B,1,0,0,0,0,0,0,0,1,0,0,1,0,0,0,1,0
242,0,1,16,1,1,1,4,3,1,1,0,0,0,0,1,0,1,1,0,5,4,5,1,1,3,0,6,0,0,D,1,0,0,0,0,0,0,0,1,0,0,1,0,0,0,1,0
243,0,1,16,1,0,1,4,4,1,1,0,0,0,0,1,1,1,1,0,5,3,2,1,2,5,0,13,12,12,B,1,0,0,0,0,0,0,1,0,0,0,0,1,0,0,1,0
244,0,0,18,1,0,1,2,1,2,3,0,0,1,1,0,0,1,1,1,4,4,4,1,1,3,0,7,0,0,D,1,0,0,0,0,0,1,0,0,0,0,1,0,0,0,0,1
245,0,1,16,1,0,1,2,1,3,1,0,0,0,0,0,1,1,1,0,4,3,3,1,1,4,6,18,18,18,A,1,0,0,0,0,0,1,0,0,0,0,1,0,0,0,1,0
246,0,1,17,1,0,1,2,3,2,1,0,0,0,0,0,1,1,1,0,5,2,2,1,1,2,4,12,12,13,B,1,0,0,0,0,0,1,0,0,0,0,1,0,0,1,0,0
247,0,1,21,1,0,1,3,1,1,1,0,0,0,0,0,0,0,1,1,5,4,5,3.5,5,1,16,6,8,8,C,0,0,1,0,0,0,0,1,0,0,0,0,1,0,0,1,0
248,0,1,18,0,1,1,3,3,1,2,0,0,1,0,0,1,1,1,1,4,3,3,1,3,5,8,3,5,5,C,1,0,0,0,0,0,1,0,0,0,0,0,1,0,0,1,0
249,0,1,16,1,0,1,0,2,1,1,0,0,0,1,0,0,1,1,0,4,3,2,2,4,5,0,13,15,15,A,0,0,1,0,0,0,1,0,0,0,0,1,0,0,0,1,0
250,0,1,18,1,0,1,3,2,2,1,0,0,0,0,0,1,0,1,0,4,4,5,2,4,5,0,6,8,8,C,1,0,0,0,0,0,0,1,0,0,0,1,0,0,0,1,0
251,0,1,16,1,0,1,3,3,3,2,0,1,1,0,0,0,1,1,0,5,3,3,1,3,2,6,7,10,10,B,0,0,0,1,1,0,0,0,0,0,0,1,0,0,0,0,1
252,0,1,18,1,0,1,2,1,1,1,0,0,0,0,0,0,0,1,0,3,2,5,2,5,5,4,6,9,8,C,0,0,1,0,0,0,0,1,0,0,0,0,1,0,0,1,0
253,0,1,16,0,0,1,2,1,2,1,0,0,0,0,1,0,1,0,0,3,3,2,1,3,3,0,8,9,8,C,1,0,0,0,0,0,1,0,0,0,0,1,0,0,0,1,0
254,0,1,17,0,0,1,2,1,1,1,0,0,0,0,0,0,1,1,0,4,4,2,2,4,5,0,8,12,12,B,1,0,0,0,0,0,1,0,0,0,0,1,0,0,0,1,0
255,0,1,17,1,1,1,1,1,2,1,0,0,1,0,1,1,1,1,0,4,4,4,1,2,5,2,7,9,8,C,1,0,0,0,0,1,0,0,0,0,0,1,0,0,0,1,0
256,0,0,17,1,1,1,4,2,1,3.5,0,0,1,1,1,1,1,1,0,4,2,3,1,1,4,6,14,12,13,B,0,0,0,1,0,0,0,0,1,0,0,0,1,0,0,1,0
257,0,1,19,1,1,0,4,3,1,2,0,0,1,0,0,1,1,1,0,4,3,1,1,1,1,12,11,11,11,B,0,0,0,1,0,0,0,1,0,1,0,0,0,0,0,1,0
258,0,1,18,1,0,1,2,1,1,2,0,0,0,0,1,1,1,1,0,5,2,4,1,2,4,8,15,14,14,B,0,1,0,0,0,0,1,0,0,0,0,1,0,0,0,1,0
259,0,0,17,1,1,1,2,2,1,3.5,0,0,0,1,1,1,1,1,1,3,4,1,1,1,2,0,10,9,0,D,1,0,0,0,0,0,0,1,0,0,0,0,1,0,1,0,0
260,0,0,18,1,0,1,4,3,1,2,0,0,1,1,0,1,1,1,1,3,1.5,2,1,3,2,20,17,18,18,A,0,1,0,0,0,0,0,1,0,0,0,1,0,0,1,0,0
261,0,1,18,1,0,1,4,3,1,2,0,0,1,1,0,0,1,1,0,4,3,2,1,1,3,2,8,8,8,C,1,0,0,0,0,0,0,0,1,0,0,1,0,0,0,1,0
262,0,1,18,0,0,1,3,2,1,3,0,0,0,0,1,0,1,0,0,5,3,2,1,1,3,1,13,12,12,B,1,0,0,0,0,0,1,0,0,0,0,1,0,0,0,1,0
263,0,0,17,1,0,1,3,3,1,3,0,0,0,0,1,0,1,0,0,3,2,3,1,1,4,4,10,9,9,C,0,1,0,0,0,0,1,0,0,0,0,1,0,0,0,1,0
264,0,0,18,1,0,1,2,2,1,3,0,0,1,1,1,1,1,1,1,4,3,3,1,1,3,0,9,10,0,D,0,1,0,0,1,0,0,0,0,0,0,0,1,0,0,1,0
265,0,1,18,0,1,0,3,4,2,2,0,0,1,1,1,1,1,1,0,4,2,5,3,4,1,13,17,17,17,A,0,0,0,1,0,0,1,0,0,0,0,1,0,0,0,1,0
266,0,1,17,1,0,1,3,1,1,2,0,0,0,1,1,1,1,1,1,5,4,4,3,4,5,2,9,9,10,B,0,0,1,0,0,0,0,1,0,0,0,1,0,0,0,1,0
267,0,0,18,0,0,1,4,4,2,2,0,0,0,1,1,1,1,1,0,4,3,4,2,2,4,8,12,10,11,B,0,0,0,1,0,0,0,0,1,0,0,1,0,0,0,1,0
268,0,1,18,1,0,1,4,2,1,2,0,0,1,1,1,1,1,1,1,5,4,5,1,3,5,10,10,9,10,B,0,0,0,1,0,1,0,0,0,0,0,1,0,0,1,0,0
269,0,0,18,0,0,1,2,1,2,2,0,0,1,0,0,1,0,1,1,4,3,5,1,2,3,0,6,0,0,D,0,0,0,1,0,0,1,0,0,0,0,1,0,0,0,1,0
270,0,0,19,1,0,1,3,3,1,2,0,0,1,1,1,1,1,1,0,4,3,5,3,3,5,15,9,9,9,C,0,1,0,0,0,0,1,0,0,0,0,0,1,0,0,0,1
271,0,0,18,1,0,1,2,3,1,3.5,0,0,1,1,1,1,1,1,1,4,5,5,1,3,2,4,15,14,14,B,0,0,0,1,0,0,1,0,0,0,0,0,1,0,1,0,0
272,0,0,18,1,1,1,1,1,2,2,0,0,1,1,0,0,1,0,0,4,4,3,1,1,3,2,11,11,11,B,0,1,0,0,0,0,1,0,0,0,0,1,0,0,0,1,0
273,0,1,17,0,0,1,1,2,1,2,0,0,1,1,1,0,1,0,1,3,5,2,2,2,1,2,15,14,14,B,0,1,0,0,1,0,0,0,0,1,0,0,0,0,0,1,0
274,0,0,17,1,0,1,2,4,2,2,0,0,1,1,0,1,1,1,1,4,3,3,1,1,1,2,10,10,10,B,0,0,0,1,1,0,0,0,0,0,1,0,0,0,0,1,0
275,0,0,17,1,1,1,2,2,2,2,0,1,1,1,0,1,1,1,1,4,4,4,2,3,5,6,12,12,12,B,1,0,0,0,0,0,0,1,0,0,0,1,0,0,0,1,0
276,0,0,18,0,0,0,3,2,2,2,0,0,0,0,0,0,0,1,1,4,1.5,1,1,1,5,20,10,9,9,C,0,1,0,0,0,0,1,0,0,0,0,0,1,0,0,1,0
277,0,1,18,1,0,1,4,4,2,1,0,0,0,1,1,1,1,1,0,3,2,4,1,4,3,20,9,9,9,C,0,1,0,0,0,0,0,0,1,0,0,0,1,0,0,1,0
278,0,0,18,1,0,1,4,4,1,2,0,1,1,0,1,1,1,1,1,2.5,4,4,1,1,4,15,9,8,8,C,0,0,0,1,0,1,0,0,0,0,1,0,0,0,1,0,0
279,0,1,18,1,1,1,4,3,2,1,0,0,0,1,1,1,1,1,0,4,2,3,1,2,1,8,10,11,10,B,1,0,0,0,0,0,0,0,1,0,0,0,1,0,0,1,0
280,0,1,17,1,1,0,4,1,2,1,0,0,0,1,1,1,1,1,1,4,5,4,2,4,5,20,8,8,8,C,0,1,0,0,0,0,0,1,0,0,0,1,0,0,0,1,0
281,0,1,17,1,1,0,3,2,1,1,0,0,0,0,0,1,1,1,0,4,4,4,3,4,3,19,11,9,10,B,0,1,0,0,0,0,0,0,1,0,0,0,1,0,0,1,0
282,0,0,18,0,1,1,1,1,2,3.5,0,0,1,1,1,1,1,0,0,5,2,2,1,1,3,1,12,12,12,B,0,0,0,1,1,0,0,0,0,0,0,1,0,0,0,1,0
283,0,0,18,1,0,1,1,1,2,2,0,1,0,0,1,1,1,1,0,5,4,4,1,1,4,4,8,9,10,B,0,1,0,0,0,0,1,0,0,0,0,1,0,0,0,1,0
284,0,0,17,1,0,1,2,2,1,2,0,0,1,0,0,0,1,1,0,5,4,5,1,2,5,4,10,9,11,B,1,0,0,0,0,0,1,0,0,0,0,1,0,0,0,1,0
285,0,1,17,1,0,1,1,1,1,2,0,0,0,1,0,0,1,1,0,4,3,3,1,2,4,2,12,10,11,B,0,0,0,1,0,0,1,0,0,0,0,1,0,0,1,0,0
286,0,0,18,1,0,1,2,2,1,3,0,0,1,1,0,1,1,1,0,4,3,3,1,2,2,5,18,18,19,A,0,0,1,0,1,0,0,0,0,1,0,0,0,0,0,1,0
287,0,0,17,1,0,1,1,1,1,3,0,0,1,1,0,1,1,1,0,4,3,3,1,1,3,6,13,12,12,B,0,0,0,1,0,0,0,1,0,0,0,0,0,1,0,1,0
288,0,1,18,1,0,1,2,1,1,3,0,0,0,1,1,1,1,1,0,4,2,4,1,3,2,6,15,14,14,B,0,0,0,1,0,0,0,1,0,0,0,0,1,0,0,1,0
289,0,1,18,1,1,0,4,4,1,2,0,0,1,1,1,1,1,1,0,5,4,3,1,1,2,9,15,13,15,A,0,0,0,1,0,0,0,0,1,0,0,0,0,1,0,1,0
290,0,1,18,1,0,1,4,2,1,2,0,0,1,1,1,1,1,1,1,4,3,2,1,4,5,11,12,11,11,B,0,1,0,0,0,0,0,0,1,0,0,1,0,0,0,1,0
291,0,0,17,1,0,1,4,3,1,3,0,0,1,1,0,1,1,1,0,4,2,2,1,2,3,0,15,15,15,A,0,0,0,1,0,1,0,0,0,0,0,0,1,0,0,1,0
292,0,0,18,1,1,1,2,1,1,2,0,0,0,0,0,1,1,1,1,5,4,3,1,1,5,12,12,12,13,B,0,0,0,1,0,0,0,1,0,1,0,0,0,0,0,1,0
293,0,0,17,0,1,1,3,1,2,3.5,0,0,1,1,0,1,1,0,0,3,1.5,2,1,1,3,6,18,18,18,A,0,0,0,1,0,0,0,1,0,0,0,1,0,0,0,1,0
294,0,1,18,0,1,1,3,2,2,3,0,0,1,1,1,1,1,1,0,5,4,2,1,1,4,8,14,13,14,B,0,0,0,1,0,0,0,1,0,0,0,1,0,0,0,1,0
295,0,1,17,1,0,1,3,3,1,1,0,0,1,1,0,1,1,1,0,4,4,3,1,3,5,4,14,12,11,B,0,1,0,0,0,1,0,0,0,0,0,1,0,0,0,1,0
296,0,0,19,1,0,1,4,4,2,2,0,0,1,1,1,1,1,1,0,2.5,3,4,2,3,2,0,10,9,0,D,0,0,0,1,0,1,0,0,0,0,0,1,0,0,0,0,1
297,0,0,18,1,1,1,4,3,2,2,0,0,1,1,0,1,1,1,1,4,4,5,1,2,2,10,10,8,8,C,0,1,0,0,0,0,1,0,0,0,0,1,0,0,0,0,1
298,0,0,18,1,0,1,4,3,1,3.5,0,0,1,1,0,1,1,1,0,4,3,3,1,1,3,0,14,13,14,B,0,0,0,1,0,0,1,0,0,0,0,1,0,0,1,0,0
299,0,1,18,1,1,1,4,4,1,1,0,0,1,1,0,1,1,1,1,2.5,4,2,2,2,1,5,16,15,16,A,0,1,0,0,0,0,0,0,1,0,0,0,0,1,0,1,0
300,0,0,18,1,1,0,4,4,1,2,0,0,1,0,0,1,1,1,1,4,2,4,1,1,4,14,12,10,11,B,0,1,0,0,0,1,0,0,0,0,0,1,0,0,0,1,0
301,0,1,17,1,1,1,4,4,2,1,0,0,0,1,0,1,1,1,0,4,1.5,1,2,2,5,0,11,11,10,B,0,1,0,0,0,0,1,0,0,0,0,0,0,1,1,0,0
302,0,0,17,1,0,1,4,2,2,3,0,0,1,1,0,1,1,1,0,4,3,3,1,1,3,0,15,12,14,B,0,0,0,1,0,0,1,0,0,0,0,1,0,0,0,1,0
303,0,0,17,1,0,1,3,2,1,3.5,0,0,1,1,1,0,1,1,0,5,2,2,1,2,5,0,17,17,18,A,0,0,0,1,0,1,0,0,0,0,1,0,0,0,1,0,0
304,0,1,19,1,0,1,3,3,1,2,0,0,1,0,1,1,1,1,1,4,4,4,1,1,3,20,15,14,13,B,0,1,0,0,0,0,1,0,0,0,0,1,0,0,0,0,1
305,0,0,18,1,0,1,2,4,1,2,0,0,1,1,1,1,1,1,0,4,4,3,1,1,3,8,14,12,12,B,0,0,0,1,0,0,0,1,0,1,0,0,0,0,0,0,1
306,0,1,20,1,0,0,3,2,1,1,0,0,0,0,1,1,1,0,0,5,5,3,1,1,5,0,17,18,18,A,1,0,0,0,0,0,0,1,0,0,0,1,0,0,0,0,1
307,0,1,19,1,0,1,4,4,2,1,0,0,1,1,0,1,1,1,1,4,3,4,1,1,4,20,8,9,8,C,0,0,0,1,0,0,0,0,1,0,0,0,1,0,0,0,1
308,0,1,19,0,0,1,3,3,1,2,0,0,0,0,1,1,1,0,1,4,5,3,1,2,5,0,15,12,12,B,0,0,0,1,0,0,1,0,0,0,0,0,1,0,1,0,0
309,0,0,19,1,1,1,1,1,1,2,0,1,1,0,1,0,1,1,0,4,4,3,1,3,3,18,12,10,10,B,0,0,0,1,1,0,0,0,0,0,0,1,0,0,0,0,1
310,0,0,19,1,1,1,1,2,1,2,0,0,0,0,1,0,1,0,1,4,2,4,2,2,3,0,9,9,0,D,0,1,0,0,0,0,0,1,0,0,0,0,1,0,0,0,1
311,0,0,19,1,0,1,2,1,3,2,0,0,1,0,0,1,0,1,1,3,4,1,1,1,2,20,14,12,13,B,0,0,1,0,1,0,0,0,0,0,0,1,0,0,0,0,1
312,0,1,19,1,0,1,1,2,1,2,0,0,0,0,0,0,1,1,0,4,5,2,2,2,4,3,13,11,11,B,1,0,0,0,0,0,1,0,0,0,0,0,1,0,0,0,1
313,0,0,19,1,1,1,3,2,2,2,0,0,1,1,0,0,1,1,1,4,2,2,1,2,1,20,13,10,11,B,0,0,0,1,0,0,0,1,0,0,0,1,0,0,0,0,1
314,0,0,19,1,0,1,1,1,1,3,0,0,0,0,0,0,1,1,1,4,1.5,2,1,1,3,14,15,13,13,B,0,1,0,0,1,0,0,0,0,0,1,0,0,0,0,0,1
315,0,0,19,0,0,1,2,3,1,3,0,0,0,0,0,1,1,1,1,4,1.5,2,1,1,3,20,13,11,11,B,0,0,0,1,0,0,1,0,0,0,0,1,0,0,0,0,1
316,0,0,18,1,0,1,2,1,2,2,0,0,1,1,1,1,1,1,0,5,3,3,1,2,1,0,8,8,0,D,1,0,0,0,0,0,0,1,0,0,0,1,0,0,0,1,0
317,0,0,18,1,0,1,4,3,1,3,0,0,1,1,1,1,1,1,1,4,3,4,1,1,5,9,9,10,9,C,1,0,0,0,0,0,1,0,0,0,0,1,0,0,0,1,0
318,0,0,17,0,0,1,3,4,1,3,0,0,1,1,1,0,1,1,0,4,3,4,2,5,5,0,11,11,10,B,1,0,0,0,1,0,0,0,0,0,0,0,1,0,1,0,0
319,0,0,18,1,0,1,4,4,1,2,0,0,1,1,0,1,1,1,0,4,4,4,3,3,5,2,11,11,11,B,1,0,0,0,0,0,0,0,1,0,0,1,0,0,0,1,0
320,0,0,17,1,0,0,4,3,1,2,0,0,1,1,0,1,1,1,1,5,2,2,1,2,5,20,13,13,13,B,1,0,0,0,0,0,0,1,0,0,0,0,1,0,0,1,0
321,0,0,17,1,0,1,2,2,1,2,0,0,1,0,0,1,1,0,1,4,2,2,1,1,3,12,11,9,9,C,1,0,0,0,0,0,1,0,0,0,0,1,0,0,0,1,0
322,0,0,17,0,1,1,2,2,1,3,0,0,1,1,1,1,1,1,0,3,3,2,2,2,3,3,11,11,11,B,1,0,0,0,0,0,0,1,0,0,0,0,1,0,0,1,0
323,0,0,17,1,0,1,3,1,1,3,0,0,1,0,0,0,1,1,0,3,4,3,2,3,5,1,12,14,15,A,1,0,0,0,0,0,0,1,0,0,0,0,1,0,1,0,0
324,0,0,17,1,1,1,0,2,2,3,0,0,0,0,0,1,1,1,0,3,3,3,2,3,2,0,16,15,15,A,0,1,0,0,1,0,0,0,0,1,0,0,0,0,1,0,0
325,0,1,18,1,0,1,4,4,1,3,0,0,0,0,1,1,1,1,0,4,3,3,2,2,3,3,9,12,11,B,1,0,0,0,0,0,1,0,0,0,0,1,0,0,0,1,0
326,0,1,17,1,0,1,3,3,1,1,0,0,0,0,1,0,1,1,0,4,3,5,3,5,5,3,14,15,16,A,0,0,0,1,0,0,1,0,0,0,0,0,1,0,0,1,0
327,0,1,17,0,0,1,2,2,3.5,1,0,0,1,0,0,1,1,1,0,4,4,5,3.5,5,4,8,11,10,10,B,1,0,0,0,0,0,0,1,0,0,0,1,0,0,0,1,0
328,0,0,17,1,0,1,4,4,1,3,0,0,1,1,1,1,1,1,0,5,4,4,1,3,4,7,10,9,9,C,1,0,0,0,0,0,0,0,1,0,0,0,1,0,0,1,0
329,0,0,17,1,0,1,4,4,2,3,0,0,1,1,0,0,1,1,1,4,3,3,1,2,4,4,14,14,14,B,1,0,0,0,0,0,0,0,1,0,0,0,0,1,0,1,0
330,0,1,18,1,1,1,2,2,1,3.5,0,0,1,0,1,1,1,1,0,4,5,5,2,4,5,2,9,8,8,C,1,0,0,0,0,0,1,0,0,0,0,1,0,0,0,1,0
331,0,0,17,0,0,1,2,4,1,3,0,0,1,0,0,1,1,1,1,4,4,3,1,1,5,7,12,14,14,B,1,0,0,0,1,0,0,0,0,0,0,1,0,0,1,0,0
332,0,0,18,1,0,1,3,3,1,2,0,0,0,0,1,1,1,1,0,5,3,4,1,1,4,0,7,0,0,D,0,1,0,0,0,0,0,1,0,0,0,0,1,0,0,1,0
333,0,0,18,1,1,1,2,2,1,2,0,0,0,0,1,0,1,1,1,4,3,3,1,1,2,0,8,8,0,D,0,1,0,0,0,0,1,0,0,0,0,1,0,0,0,0,1
334,0,0,18,0,0,1,2,2,2,3.5,0,0,0,0,1,1,1,0,0,4,4,4,1,1,4,0,10,9,0,D,1,0,0,0,1,0,0,0,0,0,0,1,0,0,0,1,0
335,0,0,17,1,0,1,3,4,1,3,0,0,0,0,0,1,1,1,0,4,4,5,1,3,5,16,16,15,15,A,1,0,0,0,0,0,0,1,0,0,0,1,0,0,0,1,0
336,0,0,19,0,0,0,3,1,1,3,0,0,0,1,0,1,1,0,0,5,4,3,1,2,5,12,14,13,13,B,0,1,0,0,0,0,0,1,0,1,0,0,0,0,0,0,1
337,0,0,17,1,0,1,3,2,1,2,0,0,1,1,0,1,1,1,1,4,3,2,2,3,2,0,7,8,0,D,0,1,0,0,0,0,1,0,0,0,0,1,0,0,0,1,0
338,0,0,18,1,1,1,3,3,1,3.5,0,0,1,0,0,1,1,1,0,5,3,3,1,1,1,7,16,15,17,A,0,1,0,0,0,0,0,1,0,0,0,0,1,0,0,1,0
339,0,0,17,0,0,0,3,2,1,2,0,0,1,1,0,1,1,1,0,4,3,3,2,3,2,4,9,10,10,B,0,1,0,0,0,0,1,0,0,0,0,1,0,0,0,1,0
340,0,0,19,1,0,1,2,1,1,3,0,0,0,1,1,1,1,1,1,4,3,4,1,3,3,4,11,12,11,B,0,1,0,0,0,0,0,1,0,0,0,0,1,0,0,0,1
341,0,1,18,1,0,1,4,4,1,2,0,0,1,0,1,1,1,1,0,4,3,3,2,2,2,0,10,10,0,D,0,1,0,0,0,0,0,0,1,0,0,0,1,0,1,0,0
342,0,1,18,1,1,1,3,4,1,2,0,0,0,0,1,1,1,1,1,4,3,3,1,3,5,11,16,15,15,A,0,1,0,0,0,0,0,1,0,0,0,1,0,0,0,1,0
343,0,0,17,1,0,0,2,2,1,2,0,0,1,0,0,1,1,1,1,3,3,1,1,2,4,0,9,8,0,D,0,1,0,0,1,0,0,0,0,1,0,0,0,0,1,0,0
344,0,0,18,1,0,1,2,3,1,3,0,0,1,0,0,1,1,1,0,4,3,3,1,2,3,4,11,10,10,B,1,0,0,0,1,0,0,0,0,0,0,1,0,0,0,1,0
345,0,0,18,1,0,1,3,2,1,3,0,0,0,0,0,1,1,1,1,5,4,3,2,3,1,7,13,13,14,B,0,0,1,0,0,0,1,0,0,0,0,0,1,0,0,1,0
346,0,1,18,0,0,1,4,3,1,3,0,0,0,0,0,1,1,1,1,5,3,2,1,2,4,9,16,15,16,A,1,0,0,0,0,0,0,0,1,0,0,0,1,0,0,1,0
347,0,1,18,1,0,1,4,3,1,3,0,0,1,1,0,1,1,1,1,5,4,5,2,3,5,0,10,10,9,C,1,0,0,0,0,0,0,0,1,0,0,1,0,0,0,1,0
348,0,0,17,1,0,1,4,3,1,3,0,0,1,1,1,1,1,1,1,4,4,3,1,3,4,0,13,15,15,A,0,0,0,1,0,1,0,0,0,0,0,1,0,0,0,1,0
349,1,1,18,0,0,1,3,2,2,1,0,0,1,0,0,0,1,1,0,2.5,5,5,3.5,5,5,10,11,13,13,B,1,0,0,0,0,0,1,0,0,0,0,1,0,0,0,1,0
350,1,1,19,0,0,1,1,1,3,2,0,0,0,0,0,1,1,1,0,5,4,4,3,3,2,8,8,7,8,C,0,1,0,0,0,0,1,0,0,0,0,0,1,0,0,0,1
351,1,1,17,1,0,1,3,3,2,2,0,0,1,1,0,1,1,1,0,4,5,4,2,3,3,2,13,13,13,B,1,0,0,0,0,1,0,0,0,0,0,1,0,0,0,1,0
352,1,1,18,1,1,1,1,3,1,1,0,0,0,0,0,1,0,1,1,4,3,3,2,3,3,7,8,7,8,C,1,0,0,0,1,0,0,0,0,0,0,0,1,0,0,1,0
353,1,1,19,0,0,1,1,1,3,1,0,0,1,0,0,1,1,1,0,4,4,4,3,3,5,4,8,8,8,C,0,1,0,0,0,0,1,0,0,0,0,1,0,0,0,0,1
354,1,1,17,0,0,1,4,3,2,2,0,0,1,1,1,0,1,1,1,4,5,5,1,3,2,4,13,11,11,B,0,1,0,0,0,0,0,1,0,0,0,1,0,0,0,1,0
355,1,0,18,1,0,1,3,3,1,2,0,0,1,0,0,1,1,0,1,5,3,4,1,1,5,0,10,9,9,C,1,0,0,0,0,0,0,1,0,0,0,0,1,0,1,0,0
356,1,0,17,0,0,1,4,4,2,2,0,0,1,1,1,1,1,1,0,4,3,3,1,2,5,4,12,13,13,B,0,0,1,0,0,0,0,0,1,0,0,0,1,0,1,0,0
357,1,0,17,1,1,0,3,2,2,2,0,0,0,0,0,1,1,0,1,2.5,2,3,1,2,5,2,12,12,11,B,0,0,0,1,0,0,0,1,0,0,0,1,0,0,0,1,0
358,1,1,18,1,1,1,1,1,2,1,0,0,0,0,0,0,1,1,1,3,3,2,1,2,3,4,10,10,10,B,0,1,0,0,0,0,1,0,0,0,0,0,1,0,1,0,0
359,1,0,18,1,1,1,1,1,2,3,0,0,0,0,0,1,1,1,0,5,3,2,1,1,4,0,18,16,16,A,1,0,0,0,1,0,0,0,0,0,0,0,1,0,1,0,0
360,1,0,18,0,1,0,1,4,3,2,0,0,0,0,0,1,1,0,1,4,3,4,1,4,5,0,13,13,13,B,1,0,0,0,1,0,0,0,0,0,0,1,0,0,0,1,0
361,1,1,18,0,1,1,1,1,2,2,0,0,0,0,1,0,0,0,0,4,4,3,2,3,5,2,13,12,12,B,0,0,1,0,1,0,0,0,0,0,0,1,0,0,0,1,0
362,1,0,18,1,0,1,3,3,2,2,0,0,1,0,0,1,1,1,1,4,3,2,1,3,3,0,11,11,10,B,0,0,1,0,0,0,0,1,0,0,0,0,1,0,0,1,0
363,1,0,17,1,1,1,4,4,1,2,0,0,1,1,1,1,1,1,1,2.5,3,4,1,1,1,0,16,15,15,A,1,0,0,0,1,0,0,0,0,1,0,0,0,0,0,1,0
364,1,0,17,0,0,1,1,2,2,2,0,0,0,0,0,0,1,0,0,3,2,2,1,2,3,0,12,11,12,B,1,0,0,0,0,0,1,0,0,0,0,0,1,0,1,0,0
365,1,1,18,0,0,1,1,3,2,2,0,0,1,1,0,1,1,0,0,3,3,4,2,4,3,4,10,10,10,B,1,0,0,0,1,0,0,0,0,0,0,1,0,0,0,1,0
366,1,1,18,1,1,1,4,4,2,3,0,0,0,1,0,1,1,1,1,4,2,2,2,2,5,0,13,13,13,B,0,0,1,0,0,0,0,0,1,0,0,0,1,0,0,1,0
367,1,0,17,0,0,1,1,1,3,1,0,0,1,1,0,1,1,1,1,5,2,1,1,2,1,0,7,6,0,D,0,0,0,1,0,0,1,0,0,0,0,0,1,0,0,1,0
368,1,0,18,1,0,1,2,3,2,1,0,0,1,1,0,1,1,1,1,5,2,3,1,2,4,0,11,10,10,B,1,0,0,0,1,0,0,0,0,0,0,0,1,0,1,0,0
369,1,0,18,0,0,1,4,4,3,2,0,0,1,1,0,0,1,1,1,3,2,2,3.5,2,5,10,14,12,11,B,0,0,1,0,0,0,1,0,0,0,0,0,0,1,1,0,0
370,1,0,19,1,1,1,3,2,2,2,0,0,0,0,1,1,1,0,1,3,2,2,1,1,3,4,7,7,9,C,0,1,0,0,0,0,0,1,0,0,0,0,1,0,0,0,1
371,1,1,18,0,1,1,1,2,3,1,0,0,1,1,1,1,0,1,1,4,3,3,2,3,3,3,14,12,12,B,0,0,1,0,1,0,0,0,0,0,0,0,1,0,1,0,0
372,1,0,17,1,0,1,2,2,1,3,0,0,0,0,1,1,1,0,1,3,4,3,1,1,3,8,13,11,11,B,0,1,0,0,0,0,1,0,0,1,0,0,0,0,0,1,0
373,1,0,17,0,0,1,1,2,1,1,0,0,0,0,1,1,1,1,0,3,5,5,1,3,1,14,6,5,5,C,1,0,0,0,0,0,1,0,0,0,0,1,0,0,0,1,0
374,1,0,18,0,1,1,4,4,2,3,0,0,0,0,0,1,1,1,0,5,4,4,1,1,1,0,19,18,19,A,0,0,0,1,0,0,1,0,0,0,0,1,0,0,0,1,0
375,1,0,18,0,0,1,1,1,3.5,3,0,0,0,0,0,1,1,1,0,4,3,2,1,2,4,2,8,8,10,B,0,1,0,0,0,0,1,0,0,0,0,1,0,0,0,1,0
376,1,0,20,1,0,1,4,2,2,3,0,0,1,1,0,0,1,1,1,5,4,3,1,1,3,4,15,14,15,A,1,0,0,0,0,1,0,0,0,0,0,1,0,0,0,0,1
377,1,0,18,0,1,1,4,4,1,2,0,0,0,1,1,1,1,1,0,5,4,3,3,4,2,4,8,9,10,B,1,0,0,0,0,0,0,0,1,0,0,0,1,0,0,1,0
378,1,0,18,1,0,1,3,3,1,2,0,0,0,1,0,1,1,1,1,4,1.5,3,1,2,1,0,15,15,15,A,0,1,0,0,0,0,1,0,0,0,0,1,0,0,0,1,0
379,1,0,17,0,0,1,3,1,1,2,0,0,1,1,1,0,1,1,0,4,5,4,2,3,1,17,10,10,10,B,0,0,0,1,1,0,0,0,0,0,0,1,0,0,0,1,0
380,1,1,18,1,0,1,4,4,1,2,0,0,0,1,1,0,1,1,0,3,2,4,1,4,2,4,15,14,14,B,0,1,0,0,0,0,0,0,1,0,0,0,0,1,1,0,0
381,1,1,18,0,0,1,2,1,2,1,0,0,0,0,1,0,1,1,1,4,4,3,1,3,5,5,7,6,7,C,0,0,1,0,0,0,1,0,0,0,0,1,0,0,0,1,0
382,1,1,17,1,0,1,2,3,2,2,0,0,0,0,1,1,1,1,0,4,4,3,1,1,3,2,11,11,10,B,0,1,0,0,0,0,1,0,0,0,0,0,1,0,1,0,0
383,1,1,19,0,0,1,1,1,2,1,0,0,0,0,0,1,1,0,0,4,3,2,1,3,5,0,6,5,0,D,0,0,1,0,0,0,1,0,0,0,0,0,1,0,0,1,0
384,1,1,18,0,0,1,4,2,2,1,0,0,0,1,0,1,1,0,0,5,4,3,3.5,3,3,14,6,5,5,C,0,1,0,0,0,0,1,0,0,0,0,1,0,0,1,0,0
385,1,0,18,0,0,1,2,2,2,3,0,0,0,1,0,1,1,0,0,5,3,3,1,3,4,2,10,9,10,B,0,0,1,0,1,0,0,0,0,0,0,1,0,0,0,1,0
386,1,0,18,0,0,1,4,4,3,1,0,0,1,1,1,1,1,1,1,4,4,3,2,2,5,7,6,5,6,C,0,0,0,1,0,0,0,0,1,1,0,0,0,0,0,1,0
387,1,0,19,0,0,1,2,3,1,3,0,0,0,0,1,0,1,1,0,5,4,2,1,2,5,0,7,5,0,D,1,0,0,0,0,0,0,1,0,0,0,1,0,0,0,1,0
388,1,0,18,1,1,1,3,1,1,2,0,0,1,1,0,1,1,1,0,4,3,4,1,1,1,0,7,9,8,C,1,0,0,0,0,0,0,0,1,0,0,0,1,0,0,1,0
389,1,0,18,1,0,1,1,1,2,2,0,0,0,0,1,1,1,0,0,2.5,1.5,1,1,1,5,0,6,5,0,D,1,0,0,0,0,0,1,0,0,0,0,1,0,0,0,1,0
390,1,1,20,1,1,0,2,2,1,2,0,0,1,1,0,1,1,0,0,5,5,4,3.5,5,4,11,9,9,9,C,1,0,0,0,0,0,0,1,0,0,0,0,1,0,0,0,1
391,1,1,17,1,1,1,3,1,2,1,0,0,0,0,0,0,1,1,0,2.5,4,5,3,4,2,3,14,16,16,A,1,0,0,0,0,0,0,1,0,0,0,0,1,0,0,1,0
392,1,1,21,0,0,1,1,1,1,1,0,0,0,0,0,0,1,0,0,5,5,3,3,3,3,3,10,8,7,C,1,0,0,0,0,0,1,0,0,0,0,1,0,0,0,0,1
393,1,1,18,0,1,1,3,2,3,1,0,0,0,0,0,0,1,1,0,4,4,1,3,4,5,0,11,12,10,B,1,0,0,0,0,0,0,1,0,0,0,1,0,0,0,1,0
394,1,1,19,1,1,1,1,1,1,1,0,0,0,0,0,1,1,1,0,3,2,3,3,3,5,5,8,9,9,C,1,0,0,0,0,0,1,0,0,1,0,0,0,0,1,0,0
